-- Generated by Craft v2.6.2794 on Jul 12, 2016, 10:17:49 AM.

--
-- Disable foreign key checks and autocommit.
--

SET FOREIGN_KEY_CHECKS = 0;
SET SQL_MODE = "NO_AUTO_VALUE_ON_ZERO";
SET AUTOCOMMIT = 0;
SET NAMES utf8;


DROP TABLE IF EXISTS `craft_assetfiles`;


--
-- Schema for table `craft_assetfiles`
--
CREATE TABLE `craft_assetfiles` (
  `id` int(11) NOT NULL,
  `sourceId` int(11) DEFAULT NULL,
  `folderId` int(11) NOT NULL,
  `filename` varchar(255) COLLATE utf8_unicode_ci NOT NULL,
  `kind` varchar(50) COLLATE utf8_unicode_ci NOT NULL DEFAULT 'unknown',
  `width` int(11) unsigned DEFAULT NULL,
  `height` int(11) unsigned DEFAULT NULL,
  `size` bigint(20) unsigned DEFAULT NULL,
  `dateModified` datetime DEFAULT NULL,
  `dateCreated` datetime NOT NULL,
  `dateUpdated` datetime NOT NULL,
  `uid` char(36) COLLATE utf8_unicode_ci NOT NULL DEFAULT '0',
  PRIMARY KEY (`id`),
  UNIQUE KEY `craft_assetfiles_filename_folderId_unq_idx` (`filename`,`folderId`),
  KEY `craft_assetfiles_sourceId_fk` (`sourceId`),
  KEY `craft_assetfiles_folderId_fk` (`folderId`)
) ENGINE=InnoDB DEFAULT CHARSET=utf8 COLLATE=utf8_unicode_ci;

--
-- Data for table `craft_assetfiles`
--

INSERT INTO `craft_assetfiles` (`id`, `sourceId`, `folderId`, `filename`, `kind`, `width`, `height`, `size`, `dateModified`, `dateCreated`, `dateUpdated`, `uid`) VALUES
 ('4', '1', '1', 'SuperimposeStudio-1.jpg', 'image', '1200', '1600', '537477', '2016-07-06 15:43:36', '2016-04-22 10:25:27', '2016-07-08 16:34:24', '23a6698e-5aa4-4ee0-8735-96141b8df069'),
 ('5', '1', '1', 'SuperimposeStudio-adidasUK-TubularX-FW15-111.jpg', 'image', '1200', '1600', '537477', '2016-07-06 15:44:26', '2016-04-22 10:33:39', '2016-07-08 16:34:26', 'a4537229-e7d3-4527-8010-09e4ea4510d7'),
 ('6', '1', '1', 'SuperimposeStudio-adidasUK-TubularX-FW15-101.jpg', 'image', '1200', '1600', '446875', '2016-07-06 15:44:18', '2016-04-22 10:53:27', '2016-07-08 16:34:26', 'c62af085-ef9b-4042-abdb-72e15009e962'),
 ('7', '1', '1', 'SuperimposeStudio-Website_CheapMonday-RandR-10.jpg', 'image', '1920', '1280', '755303', '2016-07-06 15:44:31', '2016-04-22 10:53:30', '2016-07-08 16:34:25', '2ba7646d-1d4b-4741-ada0-2391638e9e36'),
 ('10', '1', '1', 'SuperimposeStudio-adidasUK-TubularX-FW15-121.jpg', 'image', '1200', '1600', '383829', '2016-07-06 15:44:21', '2016-04-22 13:23:22', '2016-07-08 16:34:26', 'f84f7837-154b-48c3-ad02-5dea1cee722f'),
 ('11', '1', '1', 'SuperimposeStudio-adidasUK-TubularX-FW15-021-1200x800.jpg', 'image', '1200', '800', '123086', '2016-07-06 15:43:13', '2016-04-22 13:25:09', '2016-07-08 16:34:25', 'c95dca06-1b84-49c0-8038-d1a09ec51127'),
 ('15', '1', '1', 'SuperimposeStudio-adidasUK-TubularX-FW15-091.jpg', 'image', '1200', '1600', '625236', '2016-07-06 15:44:09', '2016-04-22 13:27:30', '2016-07-08 16:34:26', '212b9a31-f5d6-4838-aa50-668bc6cbfa6e'),
 ('16', '1', '1', 'SuperimposeStudio-adidasUK-TubularX-FW15-091_160422_132814.jpg', 'image', '1200', '1600', '625236', '2016-07-06 15:44:26', '2016-04-22 13:28:14', '2016-07-08 16:34:26', '76cf74db-64ae-447d-8417-d38ff5482a91'),
 ('17', '1', '1', 'SuperimposeStudio-adidasUK-TubularX-FW15-041.jpg', 'image', '1200', '1600', '547177', '2016-07-06 15:43:57', '2016-04-22 13:28:36', '2016-07-08 16:34:25', '69e9479b-74f3-4232-a406-fde030f4b4db'),
 ('18', '1', '1', 'SuperimposeStudio-adidasUK-TubularX-FW15-061.jpg', 'image', '1200', '1600', '399469', '2016-07-06 15:43:43', '2016-04-22 13:28:37', '2016-07-08 16:34:26', 'bfc09bdc-22e9-4f9a-a9be-9e231275b8e0'),
 ('19', '1', '1', 'SuperimposeStudio-adidasUK-TubularX-FW15-081.jpg', 'image', '1200', '1600', '422653', '2016-07-06 15:44:01', '2016-04-22 13:28:39', '2016-07-08 16:34:26', '9a14fc60-91fc-4529-b923-43866f860dbb'),
 ('21', '1', '1', 'SuperimposeStudio-adidasUK-TubularX-FW15-031.jpg', 'image', '1200', '1600', '464094', '2016-07-06 15:43:50', '2016-04-22 13:30:37', '2016-07-08 16:34:25', '231d8be6-f22e-4e72-8028-14208a711480'),
 ('22', '1', '1', 'SuperimposeStudio-adidasUK-TubularX-FW15-051.jpg', 'image', '1200', '1600', '462213', '2016-07-06 15:43:40', '2016-04-22 13:31:04', '2016-07-08 16:34:26', '64964792-fb47-4e63-b434-8d6bd1cbffe4'),
 ('23', '1', '1', 'SuperimposeStudio-adidasUK-TubularX-FW15-071.jpg', 'image', '1200', '1600', '425009', '2016-07-06 15:43:58', '2016-04-22 13:31:06', '2016-07-08 16:34:26', 'e8cd11d7-0d34-4811-9ea6-99e341b0fddf'),
 ('26', '1', '1', 'SuperimposeStudio-adidasOriginals-IWANTICANZXFlux-SS15-05-1200x800.jpg', 'image', '1200', '800', '149246', '2016-07-06 15:43:06', '2016-04-22 15:40:06', '2016-07-08 16:34:25', 'd6bf0901-66f9-4a9e-b47f-c4bca2f3db7e'),
 ('27', '1', '1', 'SuperimposeStudio-adidasOriginals-StanSmith-SS15-10-1200x800.jpg', 'image', '1200', '800', '238373', '2016-07-06 15:43:17', '2016-04-22 15:40:08', '2016-07-08 16:34:25', '2cb343f5-e191-471d-bdfc-b06bf944e5d7'),
 ('28', '1', '1', 'SuperimposeStudio-adidasOriginals-ZXFlux-SS14-041-1200x800.jpg', 'image', '1200', '800', '178878', '2016-07-06 15:43:07', '2016-04-22 15:42:00', '2016-07-08 16:34:25', '00ec7175-c1cd-40bf-8bc1-81246ddea207'),
 ('29', '1', '1', 'SuperimposeStudio-adidasOriginals-palacexadidas-FW14-09-1200x1600.jpg', 'image', '1200', '1600', '219650', '2016-07-06 15:43:25', '2016-04-22 15:42:46', '2016-07-08 16:34:25', '79029065-ae42-464d-8c3a-7b696a655102'),
 ('30', '1', '1', 'SuperimposeStudio-adidasOriginals-RUNDMC-SS14-08-1200x1600.jpg', 'image', '1200', '1600', '187147', '2016-07-06 15:43:01', '2016-04-22 15:45:19', '2016-07-08 16:34:25', '2153e88c-6d61-4f35-95f5-66e640d2e8c2'),
 ('43', '1', '1', 'SuperimposeStudio-adidasOriginals-StanSmith-SS15-10-1200x800-1.jpg', 'image', '1200', '800', '238373', '2016-07-06 15:43:20', '2016-04-29 15:00:12', '2016-07-08 16:34:25', '3b99cdc2-4a7e-4ba3-9d97-3e883050a278'),
 ('50', '1', '1', 'superimpose.svg', 'image', '788', '56', '4896', '2016-07-06 15:42:58', '2016-05-10 12:26:30', '2016-07-08 16:34:26', '760a96c4-5793-48e0-b5c5-3a1c9e3e7782'),
 ('51', '1', '1', 'SuperimposeStudio-Website_CheapMonday-RandR-02-1200x800.jpg', 'image', '1200', '800', '147347', '2016-07-06 15:44:11', '2016-05-11 14:32:19', '2016-07-08 16:34:25', 'f34eb37e-dc5f-4178-97ca-041aeec8d5da');



DROP TABLE IF EXISTS `craft_assetfolders`;


--
-- Schema for table `craft_assetfolders`
--
CREATE TABLE `craft_assetfolders` (
  `id` int(11) NOT NULL AUTO_INCREMENT,
  `parentId` int(11) DEFAULT NULL,
  `sourceId` int(11) DEFAULT NULL,
  `name` varchar(255) COLLATE utf8_unicode_ci NOT NULL,
  `path` varchar(255) COLLATE utf8_unicode_ci DEFAULT NULL,
  `dateCreated` datetime NOT NULL,
  `dateUpdated` datetime NOT NULL,
  `uid` char(36) COLLATE utf8_unicode_ci NOT NULL DEFAULT '0',
  PRIMARY KEY (`id`),
  UNIQUE KEY `craft_assetfolders_name_parentId_sourceId_unq_idx` (`name`,`parentId`,`sourceId`),
  KEY `craft_assetfolders_parentId_fk` (`parentId`),
  KEY `craft_assetfolders_sourceId_fk` (`sourceId`)
) ENGINE=InnoDB AUTO_INCREMENT=2 DEFAULT CHARSET=utf8 COLLATE=utf8_unicode_ci;

--
-- Data for table `craft_assetfolders`
--

INSERT INTO `craft_assetfolders` (`id`, `parentId`, `sourceId`, `name`, `path`, `dateCreated`, `dateUpdated`, `uid`) VALUES
 ('1', NULL, '1', 'Assets', '', '2016-04-22 10:21:11', '2016-04-22 10:21:11', '20007c31-aa8e-4db5-a7a7-b1192b939298');



DROP TABLE IF EXISTS `craft_assetindexdata`;


--
-- Schema for table `craft_assetindexdata`
--
CREATE TABLE `craft_assetindexdata` (
  `id` int(11) NOT NULL AUTO_INCREMENT,
  `sessionId` varchar(36) COLLATE utf8_unicode_ci NOT NULL DEFAULT '',
  `sourceId` int(10) NOT NULL,
  `offset` int(10) NOT NULL,
  `uri` varchar(255) COLLATE utf8_unicode_ci DEFAULT NULL,
  `size` bigint(20) unsigned DEFAULT NULL,
  `recordId` int(10) DEFAULT NULL,
  `dateCreated` datetime NOT NULL,
  `dateUpdated` datetime NOT NULL,
  `uid` char(36) COLLATE utf8_unicode_ci NOT NULL DEFAULT '0',
  PRIMARY KEY (`id`),
  UNIQUE KEY `craft_assetindexdata_sessionId_sourceId_offset_unq_idx` (`sessionId`,`sourceId`,`offset`),
  KEY `craft_assetindexdata_sourceId_fk` (`sourceId`)
) ENGINE=InnoDB DEFAULT CHARSET=utf8 COLLATE=utf8_unicode_ci;

DROP TABLE IF EXISTS `craft_assetsources`;


--
-- Schema for table `craft_assetsources`
--
CREATE TABLE `craft_assetsources` (
  `id` int(11) NOT NULL AUTO_INCREMENT,
  `name` varchar(255) COLLATE utf8_unicode_ci NOT NULL,
  `handle` varchar(255) COLLATE utf8_unicode_ci NOT NULL,
  `type` varchar(150) COLLATE utf8_unicode_ci NOT NULL,
  `settings` text COLLATE utf8_unicode_ci,
  `sortOrder` smallint(6) unsigned DEFAULT NULL,
  `fieldLayoutId` int(10) DEFAULT NULL,
  `dateCreated` datetime NOT NULL,
  `dateUpdated` datetime NOT NULL,
  `uid` char(36) COLLATE utf8_unicode_ci NOT NULL DEFAULT '0',
  PRIMARY KEY (`id`),
  UNIQUE KEY `craft_assetsources_name_unq_idx` (`name`),
  UNIQUE KEY `craft_assetsources_handle_unq_idx` (`handle`),
  KEY `craft_assetsources_fieldLayoutId_fk` (`fieldLayoutId`)
) ENGINE=InnoDB AUTO_INCREMENT=2 DEFAULT CHARSET=utf8 COLLATE=utf8_unicode_ci;

--
-- Data for table `craft_assetsources`
--

INSERT INTO `craft_assetsources` (`id`, `name`, `handle`, `type`, `settings`, `sortOrder`, `fieldLayoutId`, `dateCreated`, `dateUpdated`, `uid`) VALUES
 ('1', 'Assets', 'assets', 'Local', '{\"path\":\"assets\\/\",\"publicURLs\":\"1\",\"url\":\"\\/assets\\/\"}', '1', '90', '2016-04-22 10:21:11', '2016-07-08 16:35:08', '6bb9ae24-727b-4413-9df2-766ea7fa1a46');



DROP TABLE IF EXISTS `craft_assettransformindex`;


--
-- Schema for table `craft_assettransformindex`
--
CREATE TABLE `craft_assettransformindex` (
  `id` int(11) NOT NULL AUTO_INCREMENT,
  `fileId` int(11) NOT NULL,
  `filename` varchar(255) COLLATE utf8_unicode_ci DEFAULT NULL,
  `format` varchar(255) COLLATE utf8_unicode_ci DEFAULT NULL,
  `location` varchar(255) COLLATE utf8_unicode_ci NOT NULL,
  `sourceId` int(11) DEFAULT NULL,
  `fileExists` tinyint(1) DEFAULT NULL,
  `inProgress` tinyint(1) DEFAULT NULL,
  `dateIndexed` datetime DEFAULT NULL,
  `dateCreated` datetime NOT NULL,
  `dateUpdated` datetime NOT NULL,
  `uid` char(36) COLLATE utf8_unicode_ci NOT NULL DEFAULT '0',
  PRIMARY KEY (`id`),
  KEY `craft_assettransformindex_sourceId_fileId_location_idx` (`sourceId`,`fileId`,`location`)
) ENGINE=InnoDB AUTO_INCREMENT=88 DEFAULT CHARSET=utf8 COLLATE=utf8_unicode_ci;

DROP TABLE IF EXISTS `craft_assettransforms`;


--
-- Schema for table `craft_assettransforms`
--
CREATE TABLE `craft_assettransforms` (
  `id` int(11) NOT NULL AUTO_INCREMENT,
  `name` varchar(255) COLLATE utf8_unicode_ci NOT NULL,
  `handle` varchar(255) COLLATE utf8_unicode_ci NOT NULL,
  `mode` enum('stretch','fit','crop') COLLATE utf8_unicode_ci NOT NULL DEFAULT 'crop',
  `position` enum('top-left','top-center','top-right','center-left','center-center','center-right','bottom-left','bottom-center','bottom-right') COLLATE utf8_unicode_ci NOT NULL DEFAULT 'center-center',
  `height` int(10) DEFAULT NULL,
  `width` int(10) DEFAULT NULL,
  `format` varchar(255) COLLATE utf8_unicode_ci DEFAULT NULL,
  `quality` int(10) DEFAULT NULL,
  `dimensionChangeTime` datetime DEFAULT NULL,
  `dateCreated` datetime NOT NULL,
  `dateUpdated` datetime NOT NULL,
  `uid` char(36) COLLATE utf8_unicode_ci NOT NULL DEFAULT '0',
  PRIMARY KEY (`id`),
  UNIQUE KEY `craft_assettransforms_name_unq_idx` (`name`),
  UNIQUE KEY `craft_assettransforms_handle_unq_idx` (`handle`)
) ENGINE=InnoDB AUTO_INCREMENT=5 DEFAULT CHARSET=utf8 COLLATE=utf8_unicode_ci;

--
-- Data for table `craft_assettransforms`
--

INSERT INTO `craft_assettransforms` (`id`, `name`, `handle`, `mode`, `position`, `height`, `width`, `format`, `quality`, `dimensionChangeTime`, `dateCreated`, `dateUpdated`, `uid`) VALUES
 ('1', 'Small', 'small', 'crop', 'center-center', NULL, '300', NULL, '60', '2016-07-08 16:08:00', '2016-04-22 10:26:03', '2016-07-08 16:08:00', '40d50c63-6e9b-43a8-9e1f-ea6e994e33a0'),
 ('2', 'Medium', 'medium', 'crop', 'center-center', NULL, '600', NULL, '60', '2016-07-08 16:08:05', '2016-04-22 15:47:16', '2016-07-08 16:08:05', '57e04371-9c9c-4e62-8ceb-540df28a994c'),
 ('3', 'Large', 'large', 'crop', 'center-center', NULL, '1200', NULL, '60', '2016-07-08 16:08:10', '2016-07-08 16:07:52', '2016-07-08 16:08:10', 'd4327d64-b474-478c-902b-413b31f13e11'),
 ('4', 'XLarge', 'xlarge', 'crop', 'center-center', NULL, '2000', NULL, '60', '2016-07-08 16:08:25', '2016-07-08 16:08:25', '2016-07-08 16:08:25', '26e24722-c962-4323-b49a-de4a689850b5');



DROP TABLE IF EXISTS `craft_categories`;


--
-- Schema for table `craft_categories`
--
CREATE TABLE `craft_categories` (
  `id` int(11) NOT NULL,
  `groupId` int(11) NOT NULL,
  `dateCreated` datetime NOT NULL,
  `dateUpdated` datetime NOT NULL,
  `uid` char(36) COLLATE utf8_unicode_ci NOT NULL DEFAULT '0',
  PRIMARY KEY (`id`),
  KEY `craft_categories_groupId_fk` (`groupId`)
) ENGINE=InnoDB DEFAULT CHARSET=utf8 COLLATE=utf8_unicode_ci;

DROP TABLE IF EXISTS `craft_categorygroups`;


--
-- Schema for table `craft_categorygroups`
--
CREATE TABLE `craft_categorygroups` (
  `id` int(11) NOT NULL AUTO_INCREMENT,
  `structureId` int(11) NOT NULL,
  `fieldLayoutId` int(11) DEFAULT NULL,
  `name` varchar(255) COLLATE utf8_unicode_ci NOT NULL,
  `handle` varchar(255) COLLATE utf8_unicode_ci NOT NULL,
  `hasUrls` tinyint(1) unsigned NOT NULL DEFAULT '1',
  `template` varchar(500) COLLATE utf8_unicode_ci DEFAULT NULL,
  `dateCreated` datetime NOT NULL,
  `dateUpdated` datetime NOT NULL,
  `uid` char(36) COLLATE utf8_unicode_ci NOT NULL DEFAULT '0',
  PRIMARY KEY (`id`),
  UNIQUE KEY `craft_categorygroups_name_unq_idx` (`name`),
  UNIQUE KEY `craft_categorygroups_handle_unq_idx` (`handle`),
  KEY `craft_categorygroups_structureId_fk` (`structureId`),
  KEY `craft_categorygroups_fieldLayoutId_fk` (`fieldLayoutId`)
) ENGINE=InnoDB DEFAULT CHARSET=utf8 COLLATE=utf8_unicode_ci;

DROP TABLE IF EXISTS `craft_categorygroups_i18n`;


--
-- Schema for table `craft_categorygroups_i18n`
--
CREATE TABLE `craft_categorygroups_i18n` (
  `id` int(11) NOT NULL AUTO_INCREMENT,
  `groupId` int(11) NOT NULL,
  `locale` char(12) COLLATE utf8_unicode_ci NOT NULL,
  `urlFormat` text COLLATE utf8_unicode_ci,
  `nestedUrlFormat` text COLLATE utf8_unicode_ci,
  `dateCreated` datetime NOT NULL,
  `dateUpdated` datetime NOT NULL,
  `uid` char(36) COLLATE utf8_unicode_ci NOT NULL DEFAULT '0',
  PRIMARY KEY (`id`),
  UNIQUE KEY `craft_categorygroups_i18n_groupId_locale_unq_idx` (`groupId`,`locale`),
  KEY `craft_categorygroups_i18n_locale_fk` (`locale`)
) ENGINE=InnoDB DEFAULT CHARSET=utf8 COLLATE=utf8_unicode_ci;

DROP TABLE IF EXISTS `craft_content`;


--
-- Schema for table `craft_content`
--
CREATE TABLE `craft_content` (
  `id` int(11) NOT NULL AUTO_INCREMENT,
  `elementId` int(11) NOT NULL,
  `locale` char(12) COLLATE utf8_unicode_ci NOT NULL,
  `title` varchar(255) COLLATE utf8_unicode_ci DEFAULT NULL,
  `field_body` text COLLATE utf8_unicode_ci,
  `field_client` text COLLATE utf8_unicode_ci,
  `field_year` text COLLATE utf8_unicode_ci,
  `field_thumbnailHeight` varchar(255) COLLATE utf8_unicode_ci DEFAULT NULL,
  `field_aboutText` text COLLATE utf8_unicode_ci,
  `field_pdfLinkText` text COLLATE utf8_unicode_ci,
  `field_facebook` text COLLATE utf8_unicode_ci,
  `field_twitter` text COLLATE utf8_unicode_ci,
  `field_instagram` text COLLATE utf8_unicode_ci,
  `dateCreated` datetime NOT NULL,
  `dateUpdated` datetime NOT NULL,
  `uid` char(36) COLLATE utf8_unicode_ci NOT NULL DEFAULT '0',
  PRIMARY KEY (`id`),
  UNIQUE KEY `craft_content_elementId_locale_unq_idx` (`elementId`,`locale`),
  KEY `craft_content_title_idx` (`title`),
  KEY `craft_content_locale_fk` (`locale`)
) ENGINE=InnoDB AUTO_INCREMENT=33 DEFAULT CHARSET=utf8 COLLATE=utf8_unicode_ci;

--
-- Data for table `craft_content`
--

INSERT INTO `craft_content` (`id`, `elementId`, `locale`, `title`, `field_body`, `field_client`, `field_year`, `field_thumbnailHeight`, `field_aboutText`, `field_pdfLinkText`, `field_facebook`, `field_twitter`, `field_instagram`, `dateCreated`, `dateUpdated`, `uid`) VALUES
 ('1', '1', 'en_us', NULL, NULL, NULL, NULL, NULL, NULL, NULL, NULL, NULL, NULL, '2016-04-05 21:11:55', '2016-04-05 21:11:55', '20ebff53-8eb3-4491-a9c4-1a90810d4df6'),
 ('2', '2', 'en_us', 'Landing', '<p>It’s true, this site doesn’t have a whole lot of content yet, but don’t worry. Our web developers have just installed the CMS, and they’re setting things up for the content editors this very moment. Soon Toeplusbee.com will be an oasis of fresh perspectives, sharp analyses, and astute opinions that will keep you coming back again and again.</p>', NULL, NULL, NULL, NULL, NULL, NULL, NULL, NULL, '2016-04-05 21:11:55', '2016-06-09 13:21:51', 'fdbd5bb5-360e-4f59-ac3b-ff6d1ee4f50c'),
 ('3', '3', 'en_us', 'Tubular X', '<p>Craft is the CMS that’s powering Toeplusbee.com. It’s beautiful, powerful, flexible, and easy-to-use, and it’s made by Pixel &amp; Tonic. We can’t wait to dive in and see what it’s capable of!</p><!--pagebreak--><p>This is even more captivating content, which you couldn’t see on the News index page because it was entered after a Page Break, and the News index template only likes to show the content on the first page.</p><p>Craft: a nice alternative to Word, if you’re making a website.</p>', 'Adidas Originals', '2015', 'half', NULL, NULL, NULL, NULL, NULL, '2016-04-05 21:11:56', '2016-07-12 10:17:05', '4d404443-764c-4e36-8d03-d3dc3704ca4b'),
 ('4', '4', 'en_us', 'Superimpose Studio Adidas Uk Tubular X Fw15 111', NULL, NULL, NULL, NULL, NULL, NULL, NULL, NULL, NULL, '2016-04-22 10:25:27', '2016-07-08 16:34:24', '7d29d6ad-87e0-4b08-8ec3-b48010b1025f'),
 ('5', '5', 'en_us', 'Superimpose Studio Adidas Uk Tubular X Fw15 111', NULL, NULL, NULL, NULL, NULL, NULL, NULL, NULL, NULL, '2016-04-22 10:33:39', '2016-07-08 16:34:26', '5189b989-7557-46b9-bc57-10e0b124774f'),
 ('6', '6', 'en_us', 'Superimpose Studio Adidas Uk Tubular X Fw15 101', NULL, NULL, NULL, NULL, NULL, NULL, NULL, NULL, NULL, '2016-04-22 10:53:27', '2016-07-08 16:34:26', '8bcb9f73-c53c-4c56-98ba-3041743fc912'),
 ('7', '7', 'en_us', 'Superimpose Studio Website Cheap Monday Rand R 10', NULL, NULL, NULL, NULL, NULL, NULL, NULL, NULL, NULL, '2016-04-22 10:53:30', '2016-07-08 16:34:25', '4bee4f35-f77f-406f-949e-55905b9ac00c'),
 ('9', '10', 'en_us', 'Superimpose Studio Adidas Uk Tubular X Fw15 121', NULL, NULL, NULL, NULL, NULL, NULL, NULL, NULL, NULL, '2016-04-22 13:23:22', '2016-07-08 16:34:26', 'bf49c76b-5038-42c2-b5af-dbc31203315c'),
 ('10', '11', 'en_us', 'Superimpose Studio Adidas Uk Tubular X Fw15 021 1200X800', NULL, NULL, NULL, NULL, NULL, NULL, NULL, NULL, NULL, '2016-04-22 13:25:09', '2016-07-08 16:34:25', '74b833a4-b24c-407c-8572-ea9b2c82777b'),
 ('11', '15', 'en_us', 'Superimpose Studio Adidas Uk Tubular X Fw15 091', NULL, NULL, NULL, NULL, NULL, NULL, NULL, NULL, NULL, '2016-04-22 13:27:30', '2016-07-08 16:34:26', '198414d0-840e-44e3-97d0-794fea0f049b'),
 ('12', '16', 'en_us', 'Superimpose Studio Adidas Uk Tubular X Fw15 091', NULL, NULL, NULL, NULL, NULL, NULL, NULL, NULL, NULL, '2016-04-22 13:28:14', '2016-07-08 16:34:26', '9f574409-5ed0-4c6a-b332-f4d543bd22d5'),
 ('13', '17', 'en_us', 'Superimpose Studio Adidas Uk Tubular X Fw15 041', NULL, NULL, NULL, NULL, NULL, NULL, NULL, NULL, NULL, '2016-04-22 13:28:36', '2016-07-08 16:34:25', 'c9c99868-5859-434e-9473-1db61b9f65a0'),
 ('14', '18', 'en_us', 'Superimpose Studio Adidas Uk Tubular X Fw15 061', NULL, NULL, NULL, NULL, NULL, NULL, NULL, NULL, NULL, '2016-04-22 13:28:37', '2016-07-08 16:34:26', '5b6c2ff9-795c-4643-ae57-e7eb5d527084'),
 ('15', '19', 'en_us', 'Superimpose Studio Adidas Uk Tubular X Fw15 081', NULL, NULL, NULL, NULL, NULL, NULL, NULL, NULL, NULL, '2016-04-22 13:28:39', '2016-07-08 16:34:26', 'c7f4611e-dce9-4ac3-9199-6c34c21cd56e'),
 ('16', '21', 'en_us', 'Superimpose Studio Adidas Uk Tubular X Fw15 031', NULL, NULL, NULL, NULL, NULL, NULL, NULL, NULL, NULL, '2016-04-22 13:30:37', '2016-07-08 16:34:25', '73eeeff2-0497-47db-b0d9-936eccbe63e6'),
 ('17', '22', 'en_us', 'Superimpose Studio Adidas Uk Tubular X Fw15 051', NULL, NULL, NULL, NULL, NULL, NULL, NULL, NULL, NULL, '2016-04-22 13:31:04', '2016-07-08 16:34:26', '5622e0cf-ac85-4373-baad-63aba9b07013'),
 ('18', '23', 'en_us', 'Superimpose Studio Adidas Uk Tubular X Fw15 071', NULL, NULL, NULL, NULL, NULL, NULL, NULL, NULL, NULL, '2016-04-22 13:31:06', '2016-07-08 16:34:26', 'ae37f042-1c3d-4d8f-9a91-814c09acce9e'),
 ('19', '26', 'en_us', 'Superimpose Studio Adidas Originals Iwanticanzxflux Ss15 05 1200X800', NULL, NULL, NULL, NULL, NULL, NULL, NULL, NULL, NULL, '2016-04-22 15:40:06', '2016-07-08 16:34:25', 'e0d8835e-f7b6-416e-80f8-f01dbd4da874'),
 ('20', '27', 'en_us', 'Superimpose Studio Adidas Originals Stan Smith Ss15 10 1200X800', NULL, NULL, NULL, NULL, NULL, NULL, NULL, NULL, NULL, '2016-04-22 15:40:08', '2016-07-08 16:34:25', '23819af4-8094-4619-a201-1d022c7881d9'),
 ('21', '28', 'en_us', 'Superimpose Studio Adidas Originals Zxflux Ss14 041 1200X800', NULL, NULL, NULL, NULL, NULL, NULL, NULL, NULL, NULL, '2016-04-22 15:42:00', '2016-07-08 16:34:25', '1a454fde-ab54-4a0f-b051-f72b565500cf'),
 ('22', '29', 'en_us', 'Superimpose Studio Adidas Originals Palacexadidas Fw14 09 1200X1600', NULL, NULL, NULL, NULL, NULL, NULL, NULL, NULL, NULL, '2016-04-22 15:42:46', '2016-07-08 16:34:25', '3bcc1914-035e-4a66-928f-eb831ebe53e8'),
 ('23', '30', 'en_us', 'Superimpose Studio Adidas Originals Rundmc Ss14 08 1200X1600', NULL, NULL, NULL, NULL, NULL, NULL, NULL, NULL, NULL, '2016-04-22 15:45:19', '2016-07-08 16:34:25', 'd6bc67b9-2f48-4580-9d61-43c9bc51a532'),
 ('24', '31', 'en_us', 'About', NULL, NULL, NULL, NULL, '<p>Further information and potential projects</p>\n\n<p><a href=\"mailto:hello@superimpose.studio\"><strong>hello@superimpose.studio</strong></a></p>', 'Download PDF', NULL, NULL, NULL, '2016-04-28 11:56:26', '2016-07-06 16:28:48', '615c5fab-df59-4e47-9c77-bc955f0ac8b9'),
 ('25', '41', 'en_us', '“Ripped and Repaired”', NULL, 'Cheap Monday', '2015', 'half', NULL, NULL, NULL, NULL, NULL, '2016-04-28 16:26:08', '2016-07-06 16:28:42', '43fa249d-ee8b-4659-a9c5-5c713e64f08b'),
 ('26', '43', 'en_us', 'Superimpose Studio Adidas Originals Stan Smith Ss15 10 1200X800 1', NULL, NULL, NULL, NULL, NULL, NULL, NULL, NULL, NULL, '2016-04-29 15:00:12', '2016-07-08 16:34:25', '6cd306e9-182f-427b-91f0-ee2de94434f0'),
 ('27', '44', 'en_us', 'Stan Smith “For Every Court” SS15 Campaign', NULL, 'Adidas', '2015', 'half', NULL, NULL, NULL, NULL, NULL, '2016-04-29 15:00:15', '2016-07-06 16:28:42', '0deb9612-fe97-4c10-937a-bb9197da9e27'),
 ('28', '46', 'en_us', 'NYC Pop-Off Store', NULL, 'Palace', '2015', 'full', NULL, NULL, NULL, NULL, NULL, '2016-04-29 15:02:59', '2016-07-06 16:28:42', 'a060963b-ac98-4a83-b9a4-c296b2053107'),
 ('29', '48', 'en_us', '“I WANT I CAN” ZX Flux', NULL, 'Adidas', '2015', 'full', NULL, NULL, NULL, NULL, NULL, '2016-04-29 15:11:56', '2016-07-06 16:28:43', '10e59937-7162-4f56-aeed-a2574a10d1fe'),
 ('30', '50', 'en_us', 'Superimpose', NULL, NULL, NULL, NULL, NULL, NULL, NULL, NULL, NULL, '2016-05-10 12:26:30', '2016-07-08 16:34:26', '917ba4d7-c0f0-47be-8638-ffd3b7494c54'),
 ('31', '51', 'en_us', 'Superimpose Studio Website Cheap Monday Rand R 02 1200X800', NULL, NULL, NULL, NULL, NULL, NULL, NULL, NULL, NULL, '2016-05-11 14:32:19', '2016-07-08 16:34:25', '9edbdd0e-2808-4a4d-8f2a-fdfc28c2656b'),
 ('32', '53', 'en_us', NULL, NULL, NULL, NULL, NULL, NULL, NULL, NULL, NULL, NULL, '2016-07-07 11:47:18', '2016-07-07 11:49:22', 'a4e4a81f-9b49-45b4-84ed-7b84ae2ce808');



DROP TABLE IF EXISTS `craft_deprecationerrors`;


--
-- Schema for table `craft_deprecationerrors`
--
CREATE TABLE `craft_deprecationerrors` (
  `id` int(11) NOT NULL AUTO_INCREMENT,
  `key` varchar(255) COLLATE utf8_unicode_ci NOT NULL,
  `fingerprint` varchar(255) COLLATE utf8_unicode_ci NOT NULL,
  `lastOccurrence` datetime NOT NULL,
  `file` varchar(255) COLLATE utf8_unicode_ci NOT NULL,
  `line` smallint(6) unsigned NOT NULL,
  `class` varchar(255) COLLATE utf8_unicode_ci DEFAULT NULL,
  `method` varchar(255) COLLATE utf8_unicode_ci DEFAULT NULL,
  `template` varchar(255) COLLATE utf8_unicode_ci DEFAULT NULL,
  `templateLine` smallint(6) unsigned DEFAULT NULL,
  `message` varchar(255) COLLATE utf8_unicode_ci DEFAULT NULL,
  `traces` text COLLATE utf8_unicode_ci,
  `dateCreated` datetime NOT NULL,
  `dateUpdated` datetime NOT NULL,
  `uid` char(36) COLLATE utf8_unicode_ci NOT NULL DEFAULT '0',
  PRIMARY KEY (`id`),
  UNIQUE KEY `craft_deprecationerrors_key_fingerprint_unq_idx` (`key`,`fingerprint`)
) ENGINE=InnoDB DEFAULT CHARSET=utf8 COLLATE=utf8_unicode_ci;

DROP TABLE IF EXISTS `craft_elementindexsettings`;


--
-- Schema for table `craft_elementindexsettings`
--
CREATE TABLE `craft_elementindexsettings` (
  `id` int(11) NOT NULL AUTO_INCREMENT,
  `type` varchar(150) COLLATE utf8_unicode_ci NOT NULL,
  `settings` text COLLATE utf8_unicode_ci,
  `dateCreated` datetime NOT NULL,
  `dateUpdated` datetime NOT NULL,
  `uid` char(36) COLLATE utf8_unicode_ci NOT NULL DEFAULT '0',
  PRIMARY KEY (`id`),
  UNIQUE KEY `craft_elementindexsettings_type_unq_idx` (`type`)
) ENGINE=InnoDB DEFAULT CHARSET=utf8 COLLATE=utf8_unicode_ci;

DROP TABLE IF EXISTS `craft_elements`;


--
-- Schema for table `craft_elements`
--
CREATE TABLE `craft_elements` (
  `id` int(11) NOT NULL AUTO_INCREMENT,
  `type` varchar(150) COLLATE utf8_unicode_ci NOT NULL,
  `enabled` tinyint(1) unsigned NOT NULL DEFAULT '1',
  `archived` tinyint(1) unsigned NOT NULL DEFAULT '0',
  `dateCreated` datetime NOT NULL,
  `dateUpdated` datetime NOT NULL,
  `uid` char(36) COLLATE utf8_unicode_ci NOT NULL DEFAULT '0',
  PRIMARY KEY (`id`),
  KEY `craft_elements_type_idx` (`type`),
  KEY `craft_elements_enabled_idx` (`enabled`),
  KEY `craft_elements_archived_dateCreated_idx` (`archived`,`dateCreated`)
) ENGINE=InnoDB AUTO_INCREMENT=56 DEFAULT CHARSET=utf8 COLLATE=utf8_unicode_ci;

--
-- Data for table `craft_elements`
--

INSERT INTO `craft_elements` (`id`, `type`, `enabled`, `archived`, `dateCreated`, `dateUpdated`, `uid`) VALUES
 ('1', 'User', '1', '0', '2016-04-05 21:11:55', '2016-04-05 21:11:55', 'd85518af-fffc-4c2f-92d5-daf64fd7e206'),
 ('2', 'Entry', '1', '0', '2016-04-05 21:11:55', '2016-06-09 13:21:51', '14daefdd-2688-49a9-961e-60b0722b1993'),
 ('3', 'Entry', '1', '0', '2016-04-05 21:11:56', '2016-07-12 10:17:05', '085cb382-8e7a-438a-a6ae-3fac01ff9282'),
 ('4', 'Asset', '1', '0', '2016-04-22 10:25:27', '2016-07-08 16:34:24', 'efaa89ed-d7c2-4c07-9bc4-88a300e46ca1'),
 ('5', 'Asset', '1', '0', '2016-04-22 10:33:39', '2016-07-08 16:34:26', '9dc997e7-9443-4867-b4ba-c52cd487148a'),
 ('6', 'Asset', '1', '0', '2016-04-22 10:53:27', '2016-07-08 16:34:26', 'ad330bd0-8bd4-4984-8fee-e5fbdd36a466'),
 ('7', 'Asset', '1', '0', '2016-04-22 10:53:30', '2016-07-08 16:34:25', '3c239365-a0c9-4c6f-8b26-fc59b63cfd6e'),
 ('8', 'MatrixBlock', '1', '0', '2016-04-22 13:18:48', '2016-07-12 10:17:05', '9eaac308-cd9f-4d9a-884a-aca485bc47f1'),
 ('10', 'Asset', '1', '0', '2016-04-22 13:23:22', '2016-07-08 16:34:26', '23abaadd-c085-4aed-9786-dd3a7aad1344'),
 ('11', 'Asset', '1', '0', '2016-04-22 13:25:09', '2016-07-08 16:34:25', 'e8648b1e-a5c7-45b9-b13f-57947c774cd7'),
 ('12', 'MatrixBlock', '1', '0', '2016-04-22 13:25:27', '2016-07-12 10:17:05', 'f8cf0e60-d393-4ce0-ae6b-53a650670aa4'),
 ('13', 'MatrixBlock', '1', '0', '2016-04-22 13:25:27', '2016-07-12 10:17:05', 'a69172bd-59fe-4eee-a06e-bb271047cd98'),
 ('14', 'MatrixBlock', '1', '0', '2016-04-22 13:25:27', '2016-07-12 10:17:05', '8600764d-7a0d-4bfe-88ff-517fba3debd3'),
 ('15', 'Asset', '1', '0', '2016-04-22 13:27:30', '2016-07-08 16:34:26', '1189f4fa-4043-47a6-a798-8e753fdefaca'),
 ('16', 'Asset', '1', '0', '2016-04-22 13:28:14', '2016-07-08 16:34:26', '672de07b-079b-4b57-8673-e68b0fca0dd6'),
 ('17', 'Asset', '1', '0', '2016-04-22 13:28:36', '2016-07-08 16:34:25', '0d982adf-af56-4bc3-81bf-d9a0aea07287'),
 ('18', 'Asset', '1', '0', '2016-04-22 13:28:37', '2016-07-08 16:34:26', '4c1b2f35-faa7-47d8-be93-08ff09072dee'),
 ('19', 'Asset', '1', '0', '2016-04-22 13:28:39', '2016-07-08 16:34:26', '8ca8ba12-d466-4f94-9bbf-592b2139bec9'),
 ('20', 'MatrixBlock', '1', '0', '2016-04-22 13:28:53', '2016-07-12 10:17:05', 'f794ddff-17eb-4ac7-b374-464a857d0622'),
 ('21', 'Asset', '1', '0', '2016-04-22 13:30:37', '2016-07-08 16:34:25', 'aee411f2-8fa5-411e-8f89-3855f1a801e9'),
 ('22', 'Asset', '1', '0', '2016-04-22 13:31:04', '2016-07-08 16:34:26', 'b95e7b6c-4a02-4fbb-ade3-03175a68f90e'),
 ('23', 'Asset', '1', '0', '2016-04-22 13:31:06', '2016-07-08 16:34:26', 'a79a3714-0325-4545-a856-34337b36c9af'),
 ('24', 'MatrixBlock', '1', '0', '2016-04-22 13:31:23', '2016-07-12 10:17:05', 'db268397-b570-45c8-80f2-5800b2d9c6b0'),
 ('25', 'MatrixBlock', '1', '0', '2016-04-22 13:31:23', '2016-07-12 10:17:05', 'c8fa3ccc-a950-4f07-8da4-d9bdfbd6fad1'),
 ('26', 'Asset', '1', '0', '2016-04-22 15:40:06', '2016-07-08 16:34:25', '74e0d644-0ad3-4f7c-9037-e423bdad2a84'),
 ('27', 'Asset', '1', '0', '2016-04-22 15:40:08', '2016-07-08 16:34:25', '40179c02-a813-410a-aac8-80809c46c011'),
 ('28', 'Asset', '1', '0', '2016-04-22 15:42:00', '2016-07-08 16:34:25', 'fda3d99d-a9a7-4d7e-91b3-1dd1cf5d1633'),
 ('29', 'Asset', '1', '0', '2016-04-22 15:42:46', '2016-07-08 16:34:25', 'ef9824a0-5dcc-4a8a-a9f3-61b68ae01a59'),
 ('30', 'Asset', '1', '0', '2016-04-22 15:45:19', '2016-07-08 16:34:25', 'a8f44b71-09da-4d74-9f05-e627356d758d'),
 ('31', 'Entry', '1', '0', '2016-04-28 11:56:26', '2016-07-06 16:28:48', '2a8aa2d4-c953-4b8e-a15e-f46f9db937a0'),
 ('41', 'Entry', '1', '0', '2016-04-28 16:26:08', '2016-07-06 16:28:42', '1a818792-76cf-48ea-840a-f0ef13509f34'),
 ('42', 'MatrixBlock', '1', '0', '2016-04-28 16:26:08', '2016-06-07 21:48:19', '32f1198f-b7e9-442b-b359-326fa3e206bd'),
 ('43', 'Asset', '1', '0', '2016-04-29 15:00:12', '2016-07-08 16:34:25', '171c1228-d677-4432-b921-84fb43cfe4c4'),
 ('44', 'Entry', '1', '0', '2016-04-29 15:00:15', '2016-07-06 16:28:42', '230fff92-a9b1-4558-8a96-a6a50855d0a3'),
 ('45', 'MatrixBlock', '1', '0', '2016-04-29 15:00:15', '2016-06-07 21:48:14', 'a226cb31-991d-472f-a98d-ac4bd2575114'),
 ('46', 'Entry', '1', '0', '2016-04-29 15:02:59', '2016-07-06 16:28:42', '2308cd8b-7e49-473e-bad4-16ea202efe74'),
 ('47', 'MatrixBlock', '1', '0', '2016-04-29 15:02:59', '2016-06-07 21:48:11', 'e7e0e8c5-80fe-4d7a-aee9-991d0386aed6'),
 ('48', 'Entry', '1', '0', '2016-04-29 15:11:56', '2016-07-06 16:28:42', 'c793b91e-2bd2-4661-9090-2838a80500b8'),
 ('49', 'MatrixBlock', '1', '0', '2016-04-29 15:11:56', '2016-06-09 13:29:42', 'fcb9406e-acbe-4a0a-9e86-3323430c1d86'),
 ('50', 'Asset', '1', '0', '2016-05-10 12:26:30', '2016-07-08 16:34:26', '25e095f0-0490-4de4-9041-dd7b4c1a2d9f'),
 ('51', 'Asset', '1', '0', '2016-05-11 14:32:19', '2016-07-08 16:34:25', '685ad729-b722-40c0-91ce-98ce945467e8'),
 ('52', 'MatrixBlock', '1', '0', '2016-05-26 15:43:47', '2016-07-12 10:17:05', 'b1e97748-5208-40a2-949c-be8139feb6df'),
 ('53', 'GlobalSet', '1', '0', '2016-07-07 11:47:18', '2016-07-07 11:49:22', 'fdda32aa-b333-408c-adbf-1831726df36d'),
 ('54', 'MatrixBlock', '1', '0', '2016-07-12 10:17:05', '2016-07-12 10:17:05', 'ebbf5fa0-c321-4595-b3e0-5f2f0a44f4fb'),
 ('55', 'MatrixBlock', '1', '0', '2016-07-12 10:17:05', '2016-07-12 10:17:05', 'd981f792-fbff-48a3-80ab-6e48f3019843');



DROP TABLE IF EXISTS `craft_elements_i18n`;


--
-- Schema for table `craft_elements_i18n`
--
CREATE TABLE `craft_elements_i18n` (
  `id` int(11) NOT NULL AUTO_INCREMENT,
  `elementId` int(11) NOT NULL,
  `locale` char(12) COLLATE utf8_unicode_ci NOT NULL,
  `slug` varchar(255) COLLATE utf8_unicode_ci DEFAULT NULL,
  `uri` varchar(255) COLLATE utf8_unicode_ci DEFAULT NULL,
  `enabled` tinyint(1) unsigned NOT NULL DEFAULT '1',
  `dateCreated` datetime NOT NULL,
  `dateUpdated` datetime NOT NULL,
  `uid` char(36) COLLATE utf8_unicode_ci NOT NULL DEFAULT '0',
  PRIMARY KEY (`id`),
  UNIQUE KEY `craft_elements_i18n_elementId_locale_unq_idx` (`elementId`,`locale`),
  UNIQUE KEY `craft_elements_i18n_uri_locale_unq_idx` (`uri`,`locale`),
  KEY `craft_elements_i18n_slug_locale_idx` (`slug`,`locale`),
  KEY `craft_elements_i18n_enabled_idx` (`enabled`),
  KEY `craft_elements_i18n_locale_fk` (`locale`)
) ENGINE=InnoDB AUTO_INCREMENT=56 DEFAULT CHARSET=utf8 COLLATE=utf8_unicode_ci;

--
-- Data for table `craft_elements_i18n`
--

INSERT INTO `craft_elements_i18n` (`id`, `elementId`, `locale`, `slug`, `uri`, `enabled`, `dateCreated`, `dateUpdated`, `uid`) VALUES
 ('1', '1', 'en_us', '', NULL, '1', '2016-04-05 21:11:55', '2016-04-05 21:11:55', 'b1d6b1c0-0ff0-42e6-9976-21e2a6970bb3'),
 ('2', '2', 'en_us', 'homepage', '__home__', '1', '2016-04-05 21:11:55', '2016-06-09 13:21:51', 'f1d12abb-19f0-4021-863c-4e396e3640f2'),
 ('3', '3', 'en_us', 'tubular-x', 'project/tubular-x', '1', '2016-04-05 21:11:56', '2016-07-12 10:17:05', '2ba1bb87-a1dd-4b3b-971e-abcb0bce8a8c'),
 ('4', '4', 'en_us', 'superimpose-studio-adidas-uk-tubular-x-fw15-111', NULL, '1', '2016-04-22 10:25:27', '2016-07-08 16:34:24', '742e8213-2c6c-4825-af33-59cd4f3c8159'),
 ('5', '5', 'en_us', 'superimpose-studio-adidas-uk-tubular-x-fw15-111', NULL, '1', '2016-04-22 10:33:39', '2016-07-08 16:34:26', 'fd64c805-1322-4942-88ff-52468031c13d'),
 ('6', '6', 'en_us', 'superimpose-studio-adidas-uk-tubular-x-fw15-101', NULL, '1', '2016-04-22 10:53:27', '2016-07-08 16:34:26', '7a8a2b6a-518d-4831-beeb-d749a9b072a2'),
 ('7', '7', 'en_us', 'superimpose-studio-website-cheap-monday-rand-r-10', NULL, '1', '2016-04-22 10:53:30', '2016-07-08 16:34:25', 'a7fc010a-9f5f-4d2f-80d5-5d37632aa629'),
 ('8', '8', 'en_us', '', NULL, '1', '2016-04-22 13:18:48', '2016-07-12 10:17:05', '791be554-fb68-4652-a97f-d9c54d908caf'),
 ('10', '10', 'en_us', 'superimpose-studio-adidas-uk-tubular-x-fw15-121', NULL, '1', '2016-04-22 13:23:22', '2016-07-08 16:34:26', '3bb88e5e-2b00-433b-801b-c4cee5ce7314'),
 ('11', '11', 'en_us', 'superimpose-studio-adidas-uk-tubular-x-fw15-021-1200x800', NULL, '1', '2016-04-22 13:25:09', '2016-07-08 16:34:25', '09d523cc-f9bf-4a55-81c9-359c34283d16'),
 ('12', '12', 'en_us', '', NULL, '1', '2016-04-22 13:25:27', '2016-07-12 10:17:05', '8a73aebd-36a5-448a-9cde-a7d3f282f764'),
 ('13', '13', 'en_us', '', NULL, '1', '2016-04-22 13:25:27', '2016-07-12 10:17:05', '6967bdbf-c913-4f2f-a952-e7f312fada9c'),
 ('14', '14', 'en_us', '', NULL, '1', '2016-04-22 13:25:27', '2016-07-12 10:17:05', '58376fa2-9828-437d-907d-9fbc69d8d0f3'),
 ('15', '15', 'en_us', 'superimpose-studio-adidas-uk-tubular-x-fw15-091', NULL, '1', '2016-04-22 13:27:30', '2016-07-08 16:34:26', '60daeda4-6004-4a4e-b088-20bef18d629b'),
 ('16', '16', 'en_us', 'superimpose-studio-adidas-uk-tubular-x-fw15-091', NULL, '1', '2016-04-22 13:28:14', '2016-07-08 16:34:26', 'b155bd9f-727e-43bd-9ac1-de5669ae9921'),
 ('17', '17', 'en_us', 'superimpose-studio-adidas-uk-tubular-x-fw15-041', NULL, '1', '2016-04-22 13:28:36', '2016-07-08 16:34:25', '803d3e38-c10d-4843-bb30-610686289a11'),
 ('18', '18', 'en_us', 'superimpose-studio-adidas-uk-tubular-x-fw15-061', NULL, '1', '2016-04-22 13:28:37', '2016-07-08 16:34:26', 'bc3be2c4-ffdb-4c7d-a00b-1ff7f94ed6a9'),
 ('19', '19', 'en_us', 'superimpose-studio-adidas-uk-tubular-x-fw15-081', NULL, '1', '2016-04-22 13:28:39', '2016-07-08 16:34:26', '145d5648-1d09-47f0-80e2-fa86ea1d07c7'),
 ('20', '20', 'en_us', '', NULL, '1', '2016-04-22 13:28:53', '2016-07-12 10:17:05', '57b1e871-f898-4d21-829c-0acce37f6ef4'),
 ('21', '21', 'en_us', 'superimpose-studio-adidas-uk-tubular-x-fw15-031', NULL, '1', '2016-04-22 13:30:37', '2016-07-08 16:34:25', '532506ad-81a1-4a2d-864c-ba48a225f945'),
 ('22', '22', 'en_us', 'superimpose-studio-adidas-uk-tubular-x-fw15-051', NULL, '1', '2016-04-22 13:31:04', '2016-07-08 16:34:26', '7347a651-d0f0-4e44-bfef-92b8fc957ad9'),
 ('23', '23', 'en_us', 'superimpose-studio-adidas-uk-tubular-x-fw15-071', NULL, '1', '2016-04-22 13:31:06', '2016-07-08 16:34:26', '6f69ee50-6edb-437a-a381-05113d678231'),
 ('24', '24', 'en_us', '', NULL, '1', '2016-04-22 13:31:23', '2016-07-12 10:17:05', '0c9d8f38-d8be-4f13-a67f-3cc2cf99a4c3'),
 ('25', '25', 'en_us', '', NULL, '1', '2016-04-22 13:31:23', '2016-07-12 10:17:05', 'e9d138d8-f3e3-413f-9818-3a6062a83834'),
 ('26', '26', 'en_us', 'superimpose-studio-adidas-originals-iwanticanzxflux-ss15-05-1200x800', NULL, '1', '2016-04-22 15:40:06', '2016-07-08 16:34:25', '39de80c3-b98c-4877-bf23-d48094e6266e'),
 ('27', '27', 'en_us', 'superimpose-studio-adidas-originals-stan-smith-ss15-10-1200x800', NULL, '1', '2016-04-22 15:40:08', '2016-07-08 16:34:25', '44bce3e9-f440-44e5-a63c-1d441d7d2364'),
 ('28', '28', 'en_us', 'superimpose-studio-adidas-originals-zxflux-ss14-041-1200x800', NULL, '1', '2016-04-22 15:42:00', '2016-07-08 16:34:25', '4e45b651-bcad-4926-b3a3-8cf5ee2590ce'),
 ('29', '29', 'en_us', 'superimpose-studio-adidas-originals-palacexadidas-fw14-09-1200x1600', NULL, '1', '2016-04-22 15:42:46', '2016-07-08 16:34:25', '201ea3f3-e503-4775-ba5d-6937d1284f1b'),
 ('30', '30', 'en_us', 'superimpose-studio-adidas-originals-rundmc-ss14-08-1200x1600', NULL, '1', '2016-04-22 15:45:19', '2016-07-08 16:34:25', 'a1afde6c-87b3-4cbb-8d39-8dd731a9cfb0'),
 ('31', '31', 'en_us', 'about', 'info', '1', '2016-04-28 11:56:26', '2016-07-06 16:28:48', '2a3e44f3-65ac-4b08-b09a-12e540076083'),
 ('41', '41', 'en_us', 'cheap-monday', 'project/cheap-monday', '1', '2016-04-28 16:26:08', '2016-07-06 16:28:42', 'e8d3a533-ead0-47d0-9aef-2ea80798079a'),
 ('42', '42', 'en_us', '', NULL, '1', '2016-04-28 16:26:08', '2016-06-07 21:48:19', 'd1f99353-dcdf-4190-a431-d8de49bc6daf'),
 ('43', '43', 'en_us', 'superimpose-studio-adidas-originals-stan-smith-ss15-10-1200x800-1', NULL, '1', '2016-04-29 15:00:12', '2016-07-08 16:34:25', '084bb52c-99a8-45d4-a608-c5335f6091d8'),
 ('44', '44', 'en_us', 'stan-smith-for-every-court-ss15-campaign', 'project/stan-smith-for-every-court-ss15-campaign', '1', '2016-04-29 15:00:15', '2016-07-06 16:28:42', '271d8cb0-a065-41ab-9c8f-898b93a919b4'),
 ('45', '45', 'en_us', '', NULL, '1', '2016-04-29 15:00:15', '2016-06-07 21:48:14', '40729027-bfb4-4de0-8cec-9a21f4b62b54'),
 ('46', '46', 'en_us', 'palace-nyc-pop-off-store', 'project/palace-nyc-pop-off-store', '1', '2016-04-29 15:02:59', '2016-07-06 16:28:42', '6c6f2980-f428-42ff-a50e-9cfd63a0520e'),
 ('47', '47', 'en_us', '', NULL, '1', '2016-04-29 15:02:59', '2016-06-07 21:48:11', '34e3b095-c24c-4b34-ad2a-aaab5ec8994b'),
 ('48', '48', 'en_us', 'i-want-i-can-zx-flux', 'project/i-want-i-can-zx-flux', '1', '2016-04-29 15:11:56', '2016-07-06 16:28:43', '92dba89a-e9ef-4b67-a8ef-bab20bb78280'),
 ('49', '49', 'en_us', '', NULL, '1', '2016-04-29 15:11:56', '2016-06-09 13:29:42', '0937bde9-8198-4629-8917-fdb6637d89af'),
 ('50', '50', 'en_us', 'superimpose', NULL, '1', '2016-05-10 12:26:30', '2016-07-08 16:34:26', '8801f936-56c7-4795-b181-1cea1c446ebe'),
 ('51', '51', 'en_us', 'superimpose-studio-website-cheap-monday-rand-r-02-1200x800', NULL, '1', '2016-05-11 14:32:19', '2016-07-08 16:34:25', 'fed81b40-d601-4238-8b46-76392daf1edf'),
 ('52', '52', 'en_us', '', NULL, '1', '2016-05-26 15:43:47', '2016-07-12 10:17:05', '27b44e4b-3883-4d3a-be98-c1beea5884b4'),
 ('53', '53', 'en_us', '', NULL, '1', '2016-07-07 11:47:18', '2016-07-07 11:49:22', '77c9a61a-7d35-4417-b8e2-cfefcb917caa'),
 ('54', '54', 'en_us', '', NULL, '1', '2016-07-12 10:17:05', '2016-07-12 10:17:05', 'fb0aa8a6-e72b-4370-a3da-1ef6aab10f75'),
 ('55', '55', 'en_us', '', NULL, '1', '2016-07-12 10:17:05', '2016-07-12 10:17:05', '94dd7766-fa72-4501-9d4b-f0d6c819dc0c');



DROP TABLE IF EXISTS `craft_emailmessages`;


--
-- Schema for table `craft_emailmessages`
--
CREATE TABLE `craft_emailmessages` (
  `id` int(11) NOT NULL AUTO_INCREMENT,
  `key` char(150) COLLATE utf8_unicode_ci NOT NULL,
  `locale` char(12) COLLATE utf8_unicode_ci NOT NULL,
  `subject` varchar(1000) COLLATE utf8_unicode_ci NOT NULL,
  `body` text COLLATE utf8_unicode_ci NOT NULL,
  `dateCreated` datetime NOT NULL,
  `dateUpdated` datetime NOT NULL,
  `uid` char(36) COLLATE utf8_unicode_ci NOT NULL DEFAULT '0',
  PRIMARY KEY (`id`),
  UNIQUE KEY `craft_emailmessages_key_locale_unq_idx` (`key`,`locale`),
  KEY `craft_emailmessages_locale_fk` (`locale`)
) ENGINE=InnoDB DEFAULT CHARSET=utf8 COLLATE=utf8_unicode_ci;

DROP TABLE IF EXISTS `craft_entries`;


--
-- Schema for table `craft_entries`
--
CREATE TABLE `craft_entries` (
  `id` int(11) NOT NULL,
  `sectionId` int(11) NOT NULL,
  `typeId` int(11) DEFAULT NULL,
  `authorId` int(11) DEFAULT NULL,
  `postDate` datetime DEFAULT NULL,
  `expiryDate` datetime DEFAULT NULL,
  `dateCreated` datetime NOT NULL,
  `dateUpdated` datetime NOT NULL,
  `uid` char(36) COLLATE utf8_unicode_ci NOT NULL DEFAULT '0',
  PRIMARY KEY (`id`),
  KEY `craft_entries_sectionId_idx` (`sectionId`),
  KEY `craft_entries_typeId_idx` (`typeId`),
  KEY `craft_entries_postDate_idx` (`postDate`),
  KEY `craft_entries_expiryDate_idx` (`expiryDate`),
  KEY `craft_entries_authorId_fk` (`authorId`)
) ENGINE=InnoDB DEFAULT CHARSET=utf8 COLLATE=utf8_unicode_ci;

--
-- Data for table `craft_entries`
--

INSERT INTO `craft_entries` (`id`, `sectionId`, `typeId`, `authorId`, `postDate`, `expiryDate`, `dateCreated`, `dateUpdated`, `uid`) VALUES
 ('2', '1', NULL, NULL, '2016-04-05 21:11:55', NULL, '2016-04-05 21:11:55', '2016-06-09 13:21:51', 'ab5f7311-be3e-4e60-8364-bf1c2cc7ad29'),
 ('3', '2', '2', '1', '2016-04-05 21:11:00', NULL, '2016-04-05 21:11:56', '2016-07-12 10:17:05', '72a79e7c-e2c8-4a6e-973d-f812aecdd11d'),
 ('31', '3', '3', NULL, '2016-07-06 16:28:48', NULL, '2016-04-28 11:56:26', '2016-07-06 16:28:48', '98028da4-c264-439a-ad3e-6d44ad42a4dc'),
 ('41', '2', '2', '1', '2016-04-28 16:26:00', NULL, '2016-04-28 16:26:08', '2016-06-07 21:48:19', 'bf0e8046-080b-42c9-a5d5-74f66f2cff48'),
 ('44', '2', '2', '1', '2016-04-29 15:00:00', NULL, '2016-04-29 15:00:15', '2016-06-07 21:48:14', '1d5ed542-c73e-4153-b8d2-1ff86b27a212'),
 ('46', '2', '2', '1', '2016-04-29 15:02:00', NULL, '2016-04-29 15:02:59', '2016-06-07 21:48:11', 'edc4b41e-0672-487e-875a-294ab18ec153'),
 ('48', '2', '2', '1', '2016-04-29 15:11:00', NULL, '2016-04-29 15:11:56', '2016-06-09 13:29:42', '0a0f71d4-0ab9-4aa3-b4e2-f8bb6414a98b');



DROP TABLE IF EXISTS `craft_entrydrafts`;


--
-- Schema for table `craft_entrydrafts`
--
CREATE TABLE `craft_entrydrafts` (
  `id` int(11) NOT NULL AUTO_INCREMENT,
  `entryId` int(11) NOT NULL,
  `sectionId` int(11) NOT NULL,
  `creatorId` int(11) NOT NULL,
  `locale` char(12) COLLATE utf8_unicode_ci NOT NULL,
  `name` varchar(255) COLLATE utf8_unicode_ci NOT NULL,
  `notes` tinytext COLLATE utf8_unicode_ci,
  `data` mediumtext COLLATE utf8_unicode_ci NOT NULL,
  `dateCreated` datetime NOT NULL,
  `dateUpdated` datetime NOT NULL,
  `uid` char(36) COLLATE utf8_unicode_ci NOT NULL DEFAULT '0',
  PRIMARY KEY (`id`),
  KEY `craft_entrydrafts_entryId_locale_idx` (`entryId`,`locale`),
  KEY `craft_entrydrafts_sectionId_fk` (`sectionId`),
  KEY `craft_entrydrafts_creatorId_fk` (`creatorId`),
  KEY `craft_entrydrafts_locale_fk` (`locale`)
) ENGINE=InnoDB DEFAULT CHARSET=utf8 COLLATE=utf8_unicode_ci;

DROP TABLE IF EXISTS `craft_entrytypes`;


--
-- Schema for table `craft_entrytypes`
--
CREATE TABLE `craft_entrytypes` (
  `id` int(11) NOT NULL AUTO_INCREMENT,
  `sectionId` int(11) NOT NULL,
  `fieldLayoutId` int(11) DEFAULT NULL,
  `name` varchar(255) COLLATE utf8_unicode_ci NOT NULL,
  `handle` varchar(255) COLLATE utf8_unicode_ci NOT NULL,
  `hasTitleField` tinyint(1) unsigned NOT NULL DEFAULT '1',
  `titleLabel` varchar(255) COLLATE utf8_unicode_ci DEFAULT 'Title',
  `titleFormat` varchar(255) COLLATE utf8_unicode_ci DEFAULT NULL,
  `sortOrder` smallint(6) unsigned DEFAULT NULL,
  `dateCreated` datetime NOT NULL,
  `dateUpdated` datetime NOT NULL,
  `uid` char(36) COLLATE utf8_unicode_ci NOT NULL DEFAULT '0',
  PRIMARY KEY (`id`),
  UNIQUE KEY `craft_entrytypes_name_sectionId_unq_idx` (`name`,`sectionId`),
  UNIQUE KEY `craft_entrytypes_handle_sectionId_unq_idx` (`handle`,`sectionId`),
  KEY `craft_entrytypes_sectionId_fk` (`sectionId`),
  KEY `craft_entrytypes_fieldLayoutId_fk` (`fieldLayoutId`)
) ENGINE=InnoDB AUTO_INCREMENT=4 DEFAULT CHARSET=utf8 COLLATE=utf8_unicode_ci;

--
-- Data for table `craft_entrytypes`
--

INSERT INTO `craft_entrytypes` (`id`, `sectionId`, `fieldLayoutId`, `name`, `handle`, `hasTitleField`, `titleLabel`, `titleFormat`, `sortOrder`, `dateCreated`, `dateUpdated`, `uid`) VALUES
 ('1', '1', '53', 'Homepage', 'homepage', '1', 'Title', NULL, NULL, '2016-04-05 21:11:55', '2016-05-10 12:25:43', 'd65b58bb-cf12-4c91-9d7a-0636d371a76e'),
 ('2', '2', '56', 'Work', 'work', '1', 'Title', NULL, NULL, '2016-04-05 21:11:55', '2016-05-11 14:31:48', '7671b99f-40ef-4f1b-876f-5e8862fee696'),
 ('3', '3', '86', 'Info', 'about', '0', NULL, '{section.name|raw}', NULL, '2016-04-28 11:56:26', '2016-07-06 13:55:31', '97536df1-72b8-4200-800c-22bb3e3213e1');



DROP TABLE IF EXISTS `craft_entryversions`;


--
-- Schema for table `craft_entryversions`
--
CREATE TABLE `craft_entryversions` (
  `id` int(11) NOT NULL AUTO_INCREMENT,
  `entryId` int(11) NOT NULL,
  `sectionId` int(11) NOT NULL,
  `creatorId` int(11) DEFAULT NULL,
  `locale` char(12) COLLATE utf8_unicode_ci NOT NULL,
  `num` smallint(6) unsigned NOT NULL,
  `notes` tinytext COLLATE utf8_unicode_ci,
  `data` mediumtext COLLATE utf8_unicode_ci NOT NULL,
  `dateCreated` datetime NOT NULL,
  `dateUpdated` datetime NOT NULL,
  `uid` char(36) COLLATE utf8_unicode_ci NOT NULL DEFAULT '0',
  PRIMARY KEY (`id`),
  KEY `craft_entryversions_entryId_locale_idx` (`entryId`,`locale`),
  KEY `craft_entryversions_sectionId_fk` (`sectionId`),
  KEY `craft_entryversions_creatorId_fk` (`creatorId`),
  KEY `craft_entryversions_locale_fk` (`locale`)
) ENGINE=InnoDB AUTO_INCREMENT=66 DEFAULT CHARSET=utf8 COLLATE=utf8_unicode_ci;

--
-- Data for table `craft_entryversions`
--

INSERT INTO `craft_entryversions` (`id`, `entryId`, `sectionId`, `creatorId`, `locale`, `num`, `notes`, `data`, `dateCreated`, `dateUpdated`, `uid`) VALUES
 ('1', '2', '1', '1', 'en_us', '1', '', '{\"typeId\":null,\"authorId\":null,\"title\":\"Landing\",\"slug\":\"homepage\",\"postDate\":1459890715,\"expiryDate\":null,\"enabled\":1,\"parentId\":null,\"fields\":{\"3\":[\"4\"]}}', '2016-04-22 10:40:16', '2016-04-22 10:40:16', '016a583f-c80a-41e6-9473-9faa6da3a20c'),
 ('2', '2', '1', '1', 'en_us', '2', '', '{\"typeId\":null,\"authorId\":null,\"title\":\"Landing\",\"slug\":\"homepage\",\"postDate\":1459890715,\"expiryDate\":null,\"enabled\":1,\"parentId\":null,\"fields\":{\"3\":[\"4\",\"6\",\"7\"]}}', '2016-04-22 10:53:35', '2016-04-22 10:53:35', 'e53f3a16-c0b3-45fc-9530-4d94846150a0'),
 ('3', '3', '2', '1', 'en_us', '1', '', '{\"typeId\":\"2\",\"authorId\":\"1\",\"title\":\"Tubular X\",\"slug\":\"tubular-x\",\"postDate\":1459890660,\"expiryDate\":null,\"enabled\":1,\"parentId\":null,\"fields\":{\"4\":{\"new1\":{\"type\":\"text\",\"enabled\":\"1\",\"fields\":{\"copy\":\"<p>As a development for adidas\\u2019 Tubular range Superimpose was briefed by adidas Originals UK to create a lookbook to launch the premium Primeknit Tubular X.<\\/p>\\r\\n\\r\\n<p>With a focus on the styling Superimpose set out to make the collection appeal to a wider audience set.<\\/p>\",\"position\":\"left\"}}}}}', '2016-04-22 13:18:48', '2016-04-22 13:18:48', 'c976074d-5b5b-49ce-9435-4a3961f39426'),
 ('4', '3', '2', '1', 'en_us', '2', '', '{\"typeId\":\"2\",\"authorId\":\"1\",\"title\":\"Tubular X\",\"slug\":\"tubular-x\",\"postDate\":1459890660,\"expiryDate\":null,\"enabled\":1,\"parentId\":null,\"fields\":{\"4\":{\"8\":{\"type\":\"text\",\"enabled\":\"1\",\"fields\":{\"copy\":\"<p>As a development for adidas\\u2019 Tubular range Superimpose was briefed by adidas Originals UK to create a lookbook to launch the premium Primeknit Tubular X.<\\/p>\\r\\n\\r\\n<p>With a focus on the styling Superimpose set out to make the collection appeal to a wider audience set.<\\/p>\",\"position\":\"left\"}},\"new1\":{\"type\":\"image\",\"enabled\":\"1\",\"fields\":{\"image\":[\"5\"],\"size\":\"full\",\"position\":\"right\"}},\"new2\":{\"type\":\"twoImages\",\"enabled\":\"1\",\"fields\":{\"images\":[\"6\",\"11\"]}},\"new3\":{\"type\":\"image\",\"enabled\":\"1\",\"fields\":{\"image\":[\"10\"],\"size\":\"full\",\"position\":\"left\"}}}}}', '2016-04-22 13:25:27', '2016-04-22 13:25:27', '29d7a2c7-57b5-403b-bc57-db28dd4cd2e6'),
 ('5', '3', '2', '1', 'en_us', '3', '', '{\"typeId\":\"2\",\"authorId\":\"1\",\"title\":\"Tubular X\",\"slug\":\"tubular-x\",\"postDate\":1459890660,\"expiryDate\":null,\"enabled\":1,\"parentId\":null,\"fields\":{\"4\":{\"8\":{\"type\":\"text\",\"enabled\":\"1\",\"fields\":{\"copy\":\"<p>As a development for adidas\\u2019 Tubular range Superimpose was briefed by adidas Originals UK to create a lookbook to launch the premium Primeknit Tubular X.<\\/p>\\r\\n\\r\\n<p>With a focus on the styling Superimpose set out to make the collection appeal to a wider audience set.<\\/p>\",\"position\":\"left\"}},\"12\":{\"type\":\"image\",\"enabled\":\"1\",\"fields\":{\"image\":[\"5\"],\"size\":\"full\",\"position\":\"right\"}},\"13\":{\"type\":\"twoImages\",\"enabled\":\"1\",\"fields\":{\"images\":[\"6\",\"11\"]}},\"14\":{\"type\":\"image\",\"enabled\":\"1\",\"fields\":{\"image\":[\"10\"],\"size\":\"full\",\"position\":\"left\"}}}}}', '2016-04-22 13:26:51', '2016-04-22 13:26:51', '22a6f06b-ff8a-4739-a17c-f7d10ebd00e6'),
 ('6', '3', '2', '1', 'en_us', '4', '', '{\"typeId\":\"2\",\"authorId\":\"1\",\"title\":\"Tubular X\",\"slug\":\"tubular-x\",\"postDate\":1459890660,\"expiryDate\":null,\"enabled\":1,\"parentId\":null,\"fields\":{\"4\":{\"8\":{\"type\":\"text\",\"enabled\":\"1\",\"fields\":{\"copy\":\"<p>As a development for adidas\\u2019 Tubular range Superimpose was briefed by adidas Originals UK to create a lookbook to launch the premium Primeknit Tubular X.<\\/p>\\r\\n\\r\\n<p>With a focus on the styling Superimpose set out to make the collection appeal to a wider audience set.<\\/p>\",\"position\":\"left\"}},\"12\":{\"type\":\"image\",\"enabled\":\"1\",\"fields\":{\"image\":[\"5\"],\"size\":\"full\",\"position\":\"right\"}},\"13\":{\"type\":\"twoImages\",\"enabled\":\"1\",\"fields\":{\"images\":[\"6\",\"11\"]}},\"14\":{\"type\":\"image\",\"enabled\":\"1\",\"fields\":{\"image\":[\"10\"],\"size\":\"full\",\"position\":\"left\"}},\"new1\":{\"type\":\"threeImages\",\"enabled\":\"1\",\"fields\":{\"images\":[\"17\",\"18\",\"19\"]}}}}}', '2016-04-22 13:28:53', '2016-04-22 13:28:53', 'f1aef62b-c983-4ae4-916e-ecdd1e769e1d'),
 ('7', '3', '2', '1', 'en_us', '5', '', '{\"typeId\":\"2\",\"authorId\":\"1\",\"title\":\"Tubular X\",\"slug\":\"tubular-x\",\"postDate\":1459890660,\"expiryDate\":null,\"enabled\":1,\"parentId\":null,\"fields\":{\"4\":{\"8\":{\"type\":\"text\",\"enabled\":\"1\",\"fields\":{\"copy\":\"<p>As a development for adidas\\u2019 Tubular range Superimpose was briefed by adidas Originals UK to create a lookbook to launch the premium Primeknit Tubular X.<\\/p>\\r\\n\\r\\n<p>With a focus on the styling Superimpose set out to make the collection appeal to a wider audience set.<\\/p>\",\"position\":\"left\"}},\"12\":{\"type\":\"image\",\"enabled\":\"1\",\"fields\":{\"image\":[\"5\"],\"size\":\"full\",\"position\":\"right\"}},\"13\":{\"type\":\"twoImages\",\"enabled\":\"1\",\"fields\":{\"images\":[\"6\",\"11\"]}},\"14\":{\"type\":\"image\",\"enabled\":\"1\",\"fields\":{\"image\":[\"10\"],\"size\":\"full\",\"position\":\"left\"}},\"20\":{\"type\":\"threeImages\",\"enabled\":\"1\",\"fields\":{\"images\":[\"17\",\"18\",\"19\"]}},\"new1\":{\"type\":\"imageText\",\"enabled\":\"1\",\"fields\":{\"copy\":\"<p>As a development for adidas\\u2019 Tubular range Superimpose was briefed by adidas Originals UK to create a lookbook to launch the premium Primeknit Tubular X.<\\/p>\\r\\n\\r\\n<p>With a focus on the styling Superimpose set out to make the collection appeal to a wider audience set.<\\/p>\",\"image\":[\"5\"],\"position\":\"textRightImageLeft\"}},\"new2\":{\"type\":\"twoImagesOneImage\",\"enabled\":\"1\",\"fields\":{\"largeImage\":[\"21\"],\"smallImages\":[\"22\",\"23\"],\"position\":\"largeImageLeft\"}}}}}', '2016-04-22 13:31:23', '2016-04-22 13:31:23', 'dfae89e7-8dc0-4ecd-b20f-2fa4074dace0'),
 ('8', '2', '1', '1', 'en_us', '3', '', '{\"typeId\":null,\"authorId\":null,\"title\":\"Landing\",\"slug\":\"homepage\",\"postDate\":1459890715,\"expiryDate\":null,\"enabled\":1,\"parentId\":null,\"fields\":{\"3\":[\"4\",\"6\",\"7\",\"21\",\"23\",\"16\",\"10\"]}}', '2016-04-22 14:55:13', '2016-04-22 14:55:13', 'e6dd0120-2e69-489c-a468-8a42562fa83f'),
 ('9', '2', '1', '1', 'en_us', '4', '', '{\"typeId\":null,\"authorId\":null,\"title\":\"Landing\",\"slug\":\"homepage\",\"postDate\":1459890715,\"expiryDate\":null,\"enabled\":1,\"parentId\":null,\"fields\":{\"3\":[\"6\",\"7\",\"26\",\"27\",\"29\",\"30\"]}}', '2016-04-22 15:45:23', '2016-04-22 15:45:23', 'a7c55370-c509-4806-8183-f42af476fc91'),
 ('10', '2', '1', '1', 'en_us', '5', '', '{\"typeId\":null,\"authorId\":null,\"title\":\"Landing\",\"slug\":\"homepage\",\"postDate\":1459890715,\"expiryDate\":null,\"enabled\":1,\"parentId\":null,\"fields\":{\"3\":[\"7\",\"6\",\"26\",\"29\",\"27\",\"30\"]}}', '2016-04-22 15:46:22', '2016-04-22 15:46:22', '19182af5-3dc8-4ace-8a1c-6b3fc6d217c9'),
 ('11', '31', '3', '1', 'en_us', '1', NULL, '{\"typeId\":\"3\",\"authorId\":null,\"title\":\"About\",\"slug\":\"about\",\"postDate\":1461844586,\"expiryDate\":null,\"enabled\":1,\"parentId\":null,\"fields\":[]}', '2016-04-28 11:56:26', '2016-04-28 11:56:26', '198504b6-906b-4a0f-b482-74b37f3565c4'),
 ('12', '31', '3', '1', 'en_us', '2', '', '{\"typeId\":null,\"authorId\":null,\"title\":\"About\",\"slug\":\"about\",\"postDate\":1461844586,\"expiryDate\":null,\"enabled\":1,\"parentId\":null,\"fields\":{\"20\":\"\",\"19\":\"<p>SUPERIMPOSE is a London-based studio delivering contemporary creative &nbsp;direction and content strategy. Championing a progressive visual practice &nbsp;born out of a deep understanding and fascination with culture, our founding partners have each played vital roles in the design and documentation of London\\u2019s thriving contemporary and underground scene over the past decade. Their combined backgrounds in design, strategy, social thinking and global insights enables Superimpose Studio to not only offer intuitive answers, but to push the potential of the brands they work with.<\\/p>\",\"27\":{\"new1\":{\"type\":\"people\",\"enabled\":\"1\",\"fields\":{\"peopleImage\":\"\",\"peopleName\":\"Toby Evans\",\"peopleTitle\":\"Creative Director\",\"peopleCopy\":\"<p>7 years experience in creative direction and graphic design.<\\/p>\",\"peopleClients\":\"<p>Boiler Room, Palace Skateboards, Vice, Domino Records<\\/p>\"}}},\"24\":{\"new1\":{\"type\":\"skills\",\"enabled\":\"1\",\"fields\":{\"skillsTitle\":\"Audience Insight\",\"skillsCopy\":\"<p>Not trend reports but actual commitment to understanding consumer behaviour and preferences through connection with target audience.<\\/p>\"}},\"new2\":{\"type\":\"skills\",\"enabled\":\"1\",\"fields\":{\"skillsTitle\":\"Strategic Planning\",\"skillsCopy\":\"<p>Package all audience insights into tangible opportunities for our clients through evaluation and planning across all platforms.<\\/p>\"}},\"new3\":{\"type\":\"skills\",\"enabled\":\"1\",\"fields\":{\"skillsTitle\":\"Creative Direction\",\"skillsCopy\":\"<p>Create and develop not only tactical ideas but also global campaign wide creative.<\\/p>\"}},\"new4\":{\"type\":\"skills\",\"enabled\":\"1\",\"fields\":{\"skillsTitle\":\"Content Creation\",\"skillsCopy\":\"<p>Push for creative excellence through working within a specialist network of content creators.<\\/p>\"}}},\"21\":\"\"}}', '2016-04-28 12:18:05', '2016-04-28 12:18:05', 'd48bcac2-e041-4923-aa48-c205ac5a57fd'),
 ('13', '31', '3', '1', 'en_us', '3', '', '{\"typeId\":null,\"authorId\":null,\"title\":\"About\",\"slug\":\"about\",\"postDate\":1461844586,\"expiryDate\":null,\"enabled\":1,\"parentId\":null,\"fields\":{\"20\":\"\",\"19\":\"<p>SUPERIMPOSE is a London-based studio delivering contemporary creative &nbsp;direction and content strategy. Championing a progressive visual practice &nbsp;born out of a deep understanding and fascination with culture, our founding partners have each played vital roles in the design and documentation of London\\u2019s thriving contemporary and underground scene over the past decade. Their combined backgrounds in design, strategy, social thinking and global insights enables Superimpose Studio to not only offer intuitive answers, but to push the potential of the brands they work with.<\\/p>\",\"27\":{\"36\":{\"type\":\"people\",\"enabled\":\"1\",\"fields\":{\"peopleImage\":\"\",\"peopleName\":\"Toby Evans\",\"peopleTitle\":\"Creative Director\",\"peopleCopy\":\"<p>7 years experience in creative direction and graphic design.<\\/p>\",\"peopleClients\":\"<p>Boiler Room, Palace Skateboards, Vice, Domino Records<\\/p>\"}}},\"24\":{\"32\":{\"type\":\"skills\",\"enabled\":\"1\",\"fields\":{\"skillsTitle\":\"Audience Insight\",\"skillsCopy\":\"<p>Not trend reports but actual commitment to understanding consumer behaviour and preferences through connection with target audience.<\\/p>\"}},\"33\":{\"type\":\"skills\",\"enabled\":\"1\",\"fields\":{\"skillsTitle\":\"Strategic Planning\",\"skillsCopy\":\"<p>Package all audience insights into tangible opportunities for our clients through evaluation and planning across all platforms.<\\/p>\"}},\"34\":{\"type\":\"skills\",\"enabled\":\"1\",\"fields\":{\"skillsTitle\":\"Creative Direction\",\"skillsCopy\":\"<p>Create and develop not only tactical ideas but also global campaign wide creative.<\\/p>\"}},\"35\":{\"type\":\"skills\",\"enabled\":\"1\",\"fields\":{\"skillsTitle\":\"Content Creation\",\"skillsCopy\":\"<p>Push for creative excellence through working within a specialist network of content creators.<\\/p>\"}}},\"21\":\"\"}}', '2016-04-28 12:19:23', '2016-04-28 12:19:23', 'c0d04fa8-80cc-4196-89b8-5d12babe9b7d'),
 ('14', '31', '3', '1', 'en_us', '4', '', '{\"typeId\":null,\"authorId\":null,\"title\":\"About\",\"slug\":\"about\",\"postDate\":1461844586,\"expiryDate\":null,\"enabled\":1,\"parentId\":null,\"fields\":{\"20\":\"\",\"19\":\"<p>SUPERIMPOSE is a London-based studio delivering contemporary creative &nbsp;direction and content strategy. Championing a progressive visual practice &nbsp;born out of a deep understanding and fascination with culture, our founding partners have each played vital roles in the design and documentation of London\\u2019s thriving contemporary and underground scene over the past decade. Their combined backgrounds in design, strategy, social thinking and global insights enables Superimpose Studio to not only offer intuitive answers, but to push the potential of the brands they work with.<\\/p>\",\"27\":{\"36\":{\"type\":\"people\",\"enabled\":\"1\",\"fields\":{\"peopleImage\":\"\",\"peopleName\":\"Toby Evans\",\"peopleTitle\":\"Creative Director\",\"peopleCopy\":\"<p>7 years experience in creative direction and graphic design.<\\/p>\",\"peopleClients\":\"<p>Boiler Room, Palace Skateboards, Vice, Domino Records<\\/p>\"}},\"new1\":{\"type\":\"people\",\"enabled\":\"1\",\"fields\":{\"peopleImage\":\"\",\"peopleName\":\"Ollie Olanipekun\",\"peopleTitle\":\"Creative Director\",\"peopleCopy\":\"<p>7 years experience in content strategy and audience insight.<\\/p>\",\"peopleClients\":\"<p>Channel4, Levi\\u2019s, Unilever<\\/p>\"}}},\"24\":{\"32\":{\"type\":\"skills\",\"enabled\":\"1\",\"fields\":{\"skillsTitle\":\"Audience Insight\",\"skillsCopy\":\"<p>Not trend reports but actual commitment to understanding consumer behaviour and preferences through connection with target audience.<\\/p>\"}},\"33\":{\"type\":\"skills\",\"enabled\":\"1\",\"fields\":{\"skillsTitle\":\"Strategic Planning\",\"skillsCopy\":\"<p>Package all audience insights into tangible opportunities for our clients through evaluation and planning across all platforms.<\\/p>\"}},\"34\":{\"type\":\"skills\",\"enabled\":\"1\",\"fields\":{\"skillsTitle\":\"Creative Direction\",\"skillsCopy\":\"<p>Create and develop not only tactical ideas but also global campaign wide creative.<\\/p>\"}},\"35\":{\"type\":\"skills\",\"enabled\":\"1\",\"fields\":{\"skillsTitle\":\"Content Creation\",\"skillsCopy\":\"<p>Push for creative excellence through working within a specialist network of content creators.<\\/p>\"}}},\"21\":\"\"}}', '2016-04-28 12:20:12', '2016-04-28 12:20:12', '673b7fb6-288d-4249-9877-f41800b44ef8'),
 ('15', '31', '3', '1', 'en_us', '5', '', '{\"typeId\":null,\"authorId\":null,\"title\":\"About\",\"slug\":\"about\",\"postDate\":1461844586,\"expiryDate\":null,\"enabled\":1,\"parentId\":null,\"fields\":{\"20\":\"\",\"19\":\"<p>SUPERIMPOSE is a London-based studio delivering contemporary creative &nbsp;direction and content strategy. Championing a progressive visual practice &nbsp;born out of a deep understanding and fascination with culture, our founding partners have each played vital roles in the design and documentation of London\\u2019s thriving contemporary and underground scene over the past decade. Their combined backgrounds in design, strategy, social thinking and global insights enables Superimpose Studio to not only offer intuitive answers, but to push the potential of the brands they work with.<\\/p>\",\"27\":{\"36\":{\"type\":\"people\",\"enabled\":\"1\",\"fields\":{\"peopleImage\":\"\",\"peopleName\":\"Toby Evans\",\"peopleTitle\":\"Creative Director\",\"peopleCopy\":\"<p>7 years experience in creative direction and graphic design.<\\/p>\",\"peopleClients\":\"Boiler Room, Palace Skateboards, Vice, Domino Records\"}},\"37\":{\"type\":\"people\",\"enabled\":\"1\",\"fields\":{\"peopleImage\":\"\",\"peopleName\":\"Ollie Olanipekun\",\"peopleTitle\":\"Creative Director\",\"peopleCopy\":\"<p>7 years experience in content strategy and audience insight.<\\/p>\",\"peopleClients\":\"Channel4, Levi\\u2019s, Unilever\"}}},\"24\":{\"32\":{\"type\":\"skills\",\"enabled\":\"1\",\"fields\":{\"skillsTitle\":\"Audience Insight\",\"skillsCopy\":\"<p>Not trend reports but actual commitment to understanding consumer behaviour and preferences through connection with target audience.<\\/p>\"}},\"33\":{\"type\":\"skills\",\"enabled\":\"1\",\"fields\":{\"skillsTitle\":\"Strategic Planning\",\"skillsCopy\":\"<p>Package all audience insights into tangible opportunities for our clients through evaluation and planning across all platforms.<\\/p>\"}},\"34\":{\"type\":\"skills\",\"enabled\":\"1\",\"fields\":{\"skillsTitle\":\"Creative Direction\",\"skillsCopy\":\"<p>Create and develop not only tactical ideas but also global campaign wide creative.<\\/p>\"}},\"35\":{\"type\":\"skills\",\"enabled\":\"1\",\"fields\":{\"skillsTitle\":\"Content Creation\",\"skillsCopy\":\"<p>Push for creative excellence through working within a specialist network of content creators.<\\/p>\"}}},\"21\":\"\"}}', '2016-04-28 12:20:26', '2016-04-28 12:20:26', 'ed086534-c466-4ede-9b26-6e8e896390dd'),
 ('16', '31', '3', '1', 'en_us', '6', '', '{\"typeId\":null,\"authorId\":null,\"title\":\"About\",\"slug\":\"about\",\"postDate\":1461844586,\"expiryDate\":null,\"enabled\":1,\"parentId\":null,\"fields\":{\"20\":\"<p>Unit B2, 5&6 Hoxton Square,<br>London, N1 6NU, UK<\\/p>\",\"19\":\"<p>SUPERIMPOSE is a London-based studio delivering contemporary creative &nbsp;direction and content strategy. Championing a progressive visual practice &nbsp;born out of a deep understanding and fascination with culture, our founding partners have each played vital roles in the design and documentation of London\\u2019s thriving contemporary and underground scene over the past decade. Their combined backgrounds in design, strategy, social thinking and global insights enables Superimpose Studio to not only offer intuitive answers, but to push the potential of the brands they work with.<\\/p>\",\"27\":{\"36\":{\"type\":\"people\",\"enabled\":\"1\",\"fields\":{\"peopleImage\":\"\",\"peopleName\":\"Toby Evans\",\"peopleTitle\":\"Creative Director\",\"peopleCopy\":\"<p>7 years experience in creative direction and graphic design.<\\/p>\",\"peopleClients\":\"Boiler Room, Palace Skateboards, Vice, Domino Records\"}},\"37\":{\"type\":\"people\",\"enabled\":\"1\",\"fields\":{\"peopleImage\":\"\",\"peopleName\":\"Ollie Olanipekun\",\"peopleTitle\":\"Creative Director\",\"peopleCopy\":\"<p>7 years experience in content strategy and audience insight.<\\/p>\",\"peopleClients\":\"Channel4, Levi\\u2019s, Unilever\"}}},\"24\":{\"32\":{\"type\":\"skills\",\"enabled\":\"1\",\"fields\":{\"skillsTitle\":\"Audience Insight\",\"skillsCopy\":\"<p>Not trend reports but actual commitment to understanding consumer behaviour and preferences through connection with target audience.<\\/p>\"}},\"33\":{\"type\":\"skills\",\"enabled\":\"1\",\"fields\":{\"skillsTitle\":\"Strategic Planning\",\"skillsCopy\":\"<p>Package all audience insights into tangible opportunities for our clients through evaluation and planning across all platforms.<\\/p>\"}},\"34\":{\"type\":\"skills\",\"enabled\":\"1\",\"fields\":{\"skillsTitle\":\"Creative Direction\",\"skillsCopy\":\"<p>Create and develop not only tactical ideas but also global campaign wide creative.<\\/p>\"}},\"35\":{\"type\":\"skills\",\"enabled\":\"1\",\"fields\":{\"skillsTitle\":\"Content Creation\",\"skillsCopy\":\"<p>Push for creative excellence through working within a specialist network of content creators.<\\/p>\"}}},\"21\":{\"new1\":{\"type\":\"socialLink\",\"enabled\":\"1\",\"fields\":{\"linkName\":\"Facebook\",\"linkUrl\":\"\"}},\"new2\":{\"type\":\"socialLink\",\"enabled\":\"1\",\"fields\":{\"linkName\":\"Instagram\",\"linkUrl\":\"\"}},\"new3\":{\"type\":\"socialLink\",\"enabled\":\"1\",\"fields\":{\"linkName\":\"Twitter\",\"linkUrl\":\"\"}}}}}', '2016-04-28 13:08:23', '2016-04-28 13:08:23', 'c31dd88e-b1fe-4393-a60f-30129f8225e9'),
 ('17', '31', '3', '1', 'en_us', '7', '', '{\"typeId\":null,\"authorId\":null,\"title\":\"About\",\"slug\":\"about\",\"postDate\":1461844586,\"expiryDate\":null,\"enabled\":1,\"parentId\":null,\"fields\":{\"20\":\"<p>Unit B2, 5&6 Hoxton Square,<br>London, N1 6NU, UK<\\/p>\",\"19\":\"<p>SUPERIMPOSE is a London-based studio delivering contemporary creative &nbsp;direction and content strategy. Championing a progressive visual practice &nbsp;born out of a deep understanding and fascination with culture, our founding partners have each played vital roles in the design and documentation of London\\u2019s thriving contemporary and underground scene over the past decade. Their combined backgrounds in design, strategy, social thinking and global insights enables Superimpose Studio to not only offer intuitive answers, but to push the potential of the brands they work with.<\\/p>\",\"27\":{\"36\":{\"type\":\"people\",\"enabled\":\"1\",\"fields\":{\"peopleImage\":\"\",\"peopleName\":\"Toby Evans\",\"peopleTitle\":\"Creative Director\",\"peopleCopy\":\"<p>7 years experience in creative direction and graphic design.<\\/p>\",\"peopleClients\":\"Boiler Room, Palace Skateboards, Vice, Domino Records\"}},\"37\":{\"type\":\"people\",\"enabled\":\"1\",\"fields\":{\"peopleImage\":\"\",\"peopleName\":\"Ollie Olanipekun\",\"peopleTitle\":\"Creative Director\",\"peopleCopy\":\"<p>7 years experience in content strategy and audience insight.<\\/p>\",\"peopleClients\":\"Channel4, Levi\\u2019s, Unilever\"}}},\"24\":{\"32\":{\"type\":\"skills\",\"enabled\":\"1\",\"fields\":{\"skillsTitle\":\"Audience Insight\",\"skillsCopy\":\"<p>Not trend reports but actual commitment to understanding consumer behaviour and preferences through connection with target audience.<\\/p>\"}},\"33\":{\"type\":\"skills\",\"enabled\":\"1\",\"fields\":{\"skillsTitle\":\"Strategic Planning\",\"skillsCopy\":\"<p>Package all audience insights into tangible opportunities for our clients through evaluation and planning across all platforms.<\\/p>\"}},\"34\":{\"type\":\"skills\",\"enabled\":\"1\",\"fields\":{\"skillsTitle\":\"Creative Direction\",\"skillsCopy\":\"<p>Create and develop not only tactical ideas but also global campaign wide creative.<\\/p>\"}},\"35\":{\"type\":\"skills\",\"enabled\":\"1\",\"fields\":{\"skillsTitle\":\"Content Creation\",\"skillsCopy\":\"<p>Push for creative excellence through working within a specialist network of content creators.<\\/p>\"}}},\"21\":{\"38\":{\"type\":\"socialLink\",\"enabled\":\"1\",\"fields\":{\"linkName\":\"Facebook\",\"linkUrl\":\"\"}},\"39\":{\"type\":\"socialLink\",\"enabled\":\"1\",\"fields\":{\"linkName\":\"Instagram\",\"linkUrl\":\"\"}},\"40\":{\"type\":\"socialLink\",\"enabled\":\"1\",\"fields\":{\"linkName\":\"Twitter\",\"linkUrl\":\"\"}}}}}', '2016-04-28 13:19:52', '2016-04-28 13:19:52', '13c69773-006a-469c-875c-eef324da92f1'),
 ('18', '41', '2', '1', 'en_us', '1', '', '{\"typeId\":null,\"authorId\":\"1\",\"title\":\"Cheap Monday\",\"slug\":\"cheap-monday\",\"postDate\":1461860768,\"expiryDate\":null,\"enabled\":1,\"parentId\":null,\"fields\":{\"4\":{\"new1\":{\"type\":\"image\",\"enabled\":\"1\",\"fields\":{\"image\":[\"7\"],\"size\":\"full\",\"position\":\"left\"}}}}}', '2016-04-28 16:26:08', '2016-04-28 16:26:08', '3250d812-b44d-404a-b629-279fc8eaa2f6'),
 ('19', '41', '2', '1', 'en_us', '2', '', '{\"typeId\":\"2\",\"authorId\":\"1\",\"title\":\"\\u201cRipped and Repaired\\u201d\",\"slug\":\"cheap-monday\",\"postDate\":1461860760,\"expiryDate\":null,\"enabled\":1,\"parentId\":null,\"fields\":{\"4\":{\"42\":{\"type\":\"image\",\"enabled\":\"1\",\"fields\":{\"image\":[\"7\"],\"size\":\"full\",\"position\":\"left\"}}}}}', '2016-04-28 16:27:11', '2016-04-28 16:27:11', 'a826e958-a5e8-4fd5-bb7d-f4e8aca79fba'),
 ('20', '31', '3', '1', 'en_us', '8', '', '{\"typeId\":null,\"authorId\":null,\"title\":\"About\",\"slug\":\"about\",\"postDate\":1461844586,\"expiryDate\":null,\"enabled\":1,\"parentId\":null,\"fields\":{\"20\":\"<p>Unit B2, 5&6 Hoxton Square,<br>London, N1 6NU, UK<\\/p>\",\"19\":\"<p>SUPERIMPOSE is a London-based studio delivering contemporary creative &nbsp;direction and content strategy. Championing a progressive visual practice &nbsp;born out of a deep understanding and fascination with culture, our founding partners have each played vital roles in the design and documentation of London\\u2019s thriving contemporary and underground scene over the past decade. Their combined backgrounds in design, strategy, social thinking and global insights enables Superimpose Studio to not only offer intuitive answers, but to push the potential of the brands they work with.<\\/p>\",\"27\":{\"36\":{\"type\":\"people\",\"enabled\":\"1\",\"fields\":{\"peopleImage\":\"\",\"peopleName\":\"TOBY EVANS\",\"peopleTitle\":\"Creative Director\",\"peopleCopy\":\"<p>7 years experience in creative direction and graphic design.<\\/p>\",\"peopleClients\":\"Boiler Room, Palace Skateboards, Vice, Domino Records\"}},\"37\":{\"type\":\"people\",\"enabled\":\"1\",\"fields\":{\"peopleImage\":\"\",\"peopleName\":\"OLLIE OLANIPEKUN\",\"peopleTitle\":\"Creative Director\",\"peopleCopy\":\"<p>7 years experience in content strategy and audience insight.<\\/p>\",\"peopleClients\":\"Channel4, Levi\\u2019s, Unilever\"}}},\"24\":{\"32\":{\"type\":\"skills\",\"enabled\":\"1\",\"fields\":{\"skillsTitle\":\"AUDIENCE INSIGHT\",\"skillsCopy\":\"<p>Not trend reports but actual commitment to understanding consumer behaviour and preferences through connection with target audience.<\\/p>\"}},\"33\":{\"type\":\"skills\",\"enabled\":\"1\",\"fields\":{\"skillsTitle\":\"STRATEGIC PLANNING\",\"skillsCopy\":\"<p>Package all audience insights into tangible opportunities for our clients through evaluation and planning across all platforms.<\\/p>\"}},\"34\":{\"type\":\"skills\",\"enabled\":\"1\",\"fields\":{\"skillsTitle\":\"CREATIVE DIRECTION\",\"skillsCopy\":\"<p>Create and develop not only tactical ideas but also global campaign wide creative.<\\/p>\"}},\"35\":{\"type\":\"skills\",\"enabled\":\"1\",\"fields\":{\"skillsTitle\":\"CONTENT CREATION\",\"skillsCopy\":\"<p>Push for creative excellence through working within a specialist network of content creators.<\\/p>\"}}},\"21\":{\"38\":{\"type\":\"socialLink\",\"enabled\":\"1\",\"fields\":{\"linkName\":\"Facebook\",\"linkUrl\":\"\"}},\"39\":{\"type\":\"socialLink\",\"enabled\":\"1\",\"fields\":{\"linkName\":\"Instagram\",\"linkUrl\":\"\"}},\"40\":{\"type\":\"socialLink\",\"enabled\":\"1\",\"fields\":{\"linkName\":\"Twitter\",\"linkUrl\":\"\"}}}}}', '2016-04-29 12:45:10', '2016-04-29 12:45:10', '26565c31-1bcb-4488-85b5-fc94fffb4db0'),
 ('21', '44', '2', '1', 'en_us', '1', '', '{\"typeId\":null,\"authorId\":\"1\",\"title\":\"Stan Smith \\u201cFor Every Court\\u201d SS15 Campaign\",\"slug\":\"stan-smith-for-every-court-ss15-campaign\",\"postDate\":1461942015,\"expiryDate\":null,\"enabled\":1,\"parentId\":null,\"fields\":{\"4\":{\"new1\":{\"type\":\"image\",\"enabled\":\"1\",\"fields\":{\"image\":[\"43\"],\"size\":\"full\",\"position\":\"left\"}}}}}', '2016-04-29 15:00:15', '2016-04-29 15:00:15', '81716f06-36a5-4102-ba77-1b749ba6138f'),
 ('22', '46', '2', '1', 'en_us', '1', '', '{\"typeId\":null,\"authorId\":\"1\",\"title\":\"Palace NYC Pop-Off Store\",\"slug\":\"palace-nyc-pop-off-store\",\"postDate\":1461942179,\"expiryDate\":null,\"enabled\":1,\"parentId\":null,\"fields\":{\"4\":{\"new1\":{\"type\":\"image\",\"enabled\":\"1\",\"fields\":{\"image\":[\"29\"],\"size\":\"full\",\"position\":\"left\"}}}}}', '2016-04-29 15:02:59', '2016-04-29 15:02:59', '1b351eeb-b668-49aa-8ac5-7ae3ec0187fe'),
 ('23', '48', '2', '1', 'en_us', '1', '', '{\"typeId\":null,\"authorId\":\"1\",\"title\":\"\\u201cI WANT I CAN\\u201d ZX Flux\",\"slug\":\"i-want-i-can-zx-flux\",\"postDate\":1461942716,\"expiryDate\":null,\"enabled\":1,\"parentId\":null,\"fields\":{\"4\":{\"new1\":{\"type\":\"image\",\"enabled\":\"1\",\"fields\":{\"image\":[\"26\"],\"size\":\"full\",\"position\":\"left\"}}}}}', '2016-04-29 15:11:56', '2016-04-29 15:11:56', '7bb98766-ab82-47aa-b30a-f0ceaa6d5f5e'),
 ('24', '3', '2', '1', 'en_us', '6', '', '{\"typeId\":\"2\",\"authorId\":\"1\",\"title\":\"Tubular X\",\"slug\":\"tubular-x\",\"postDate\":1459890660,\"expiryDate\":null,\"enabled\":1,\"parentId\":null,\"fields\":{\"4\":{\"8\":{\"type\":\"text\",\"enabled\":\"1\",\"fields\":{\"copy\":\"<p>As a development for adidas\\u2019 Tubular range Superimpose was briefed by adidas Originals UK to create a lookbook to launch the premium Primeknit Tubular X.<\\/p>\\r\\n\\r\\n<p>With a focus on the styling Superimpose set out to make the collection appeal to a wider audience set.<\\/p>\",\"position\":\"left\"}},\"12\":{\"type\":\"image\",\"enabled\":\"1\",\"fields\":{\"image\":[\"28\"],\"size\":\"full\",\"position\":\"right\"}},\"13\":{\"type\":\"twoImages\",\"enabled\":\"1\",\"fields\":{\"images\":[\"6\",\"11\"]}},\"14\":{\"type\":\"image\",\"enabled\":\"1\",\"fields\":{\"image\":[\"10\"],\"size\":\"full\",\"position\":\"left\"}},\"20\":{\"type\":\"threeImages\",\"enabled\":\"1\",\"fields\":{\"images\":[\"17\",\"18\",\"19\"]}},\"24\":{\"type\":\"imageText\",\"enabled\":\"1\",\"fields\":{\"copy\":\"<p>As a development for adidas\\u2019 Tubular range Superimpose was briefed by adidas Originals UK to create a lookbook to launch the premium Primeknit Tubular X.<\\/p>\\r\\n\\r\\n<p>With a focus on the styling Superimpose set out to make the collection appeal to a wider audience set.<\\/p>\",\"image\":[\"5\"],\"position\":\"textRightImageLeft\"}},\"25\":{\"type\":\"twoImagesOneImage\",\"enabled\":\"1\",\"fields\":{\"largeImage\":[\"21\"],\"smallImages\":[\"22\",\"23\"],\"position\":\"largeImageLeft\"}}}}}', '2016-05-06 12:28:25', '2016-05-06 12:28:25', '8ea5d693-74d4-400b-a33a-640374954adc'),
 ('25', '2', '1', '1', 'en_us', '6', '', '{\"typeId\":null,\"authorId\":null,\"title\":\"Landing\",\"slug\":\"homepage\",\"postDate\":1459890715,\"expiryDate\":null,\"enabled\":1,\"parentId\":null,\"fields\":{\"3\":[\"7\",\"6\",\"26\",\"29\",\"27\",\"30\"],\"33\":[\"50\"]}}', '2016-05-10 12:26:41', '2016-05-10 12:26:41', 'e63167bb-8c91-4667-9b11-45a2df1bac90'),
 ('26', '2', '1', '1', 'en_us', '7', '', '{\"typeId\":null,\"authorId\":null,\"title\":\"Landing\",\"slug\":\"homepage\",\"postDate\":1459890715,\"expiryDate\":null,\"enabled\":1,\"parentId\":null,\"fields\":{\"3\":[\"7\",\"6\",\"26\",\"29\",\"27\",\"30\",\"43\",\"28\",\"11\",\"21\",\"22\",\"23\",\"19\",\"16\",\"10\"],\"33\":[\"50\"]}}', '2016-05-11 00:03:53', '2016-05-11 00:03:53', 'e464d3d3-10b8-4cc7-8fc9-fd99896b785f'),
 ('27', '3', '2', '1', 'en_us', '7', '', '{\"typeId\":\"2\",\"authorId\":\"1\",\"title\":\"Tubular X\",\"slug\":\"tubular-x\",\"postDate\":1459890660,\"expiryDate\":null,\"enabled\":1,\"parentId\":null,\"fields\":{\"4\":{\"12\":{\"type\":\"image\",\"enabled\":\"1\",\"fields\":{\"image\":[\"28\"],\"size\":\"full\",\"position\":\"right\"}},\"8\":{\"type\":\"text\",\"enabled\":\"1\",\"fields\":{\"copy\":\"<p>As a development for adidas\\u2019 Tubular range Superimpose was briefed by adidas Originals UK to create a lookbook to launch the premium Primeknit Tubular X.<\\/p>\\r\\n\\r\\n<p>With a focus on the styling Superimpose set out to make the collection appeal to a wider audience set.<\\/p>\",\"position\":\"left\"}},\"13\":{\"type\":\"twoImages\",\"enabled\":\"1\",\"fields\":{\"images\":[\"6\",\"11\"]}},\"14\":{\"type\":\"image\",\"enabled\":\"1\",\"fields\":{\"image\":[\"10\"],\"size\":\"full\",\"position\":\"left\"}},\"20\":{\"type\":\"threeImages\",\"enabled\":\"1\",\"fields\":{\"images\":[\"17\",\"18\",\"19\"]}},\"24\":{\"type\":\"imageText\",\"enabled\":\"1\",\"fields\":{\"copy\":\"<p>As a development for adidas\\u2019 Tubular range Superimpose was briefed by adidas Originals UK to create a lookbook to launch the premium Primeknit Tubular X.<\\/p>\\r\\n\\r\\n<p>With a focus on the styling Superimpose set out to make the collection appeal to a wider audience set.<\\/p>\",\"image\":[\"5\"],\"position\":\"textRightImageLeft\"}},\"25\":{\"type\":\"twoImagesOneImage\",\"enabled\":\"1\",\"fields\":{\"largeImage\":[\"21\"],\"smallImages\":[\"22\",\"23\"],\"position\":\"largeImageLeft\"}}}}}', '2016-05-11 11:06:00', '2016-05-11 11:06:00', 'dcfd885c-a716-4402-8dc5-d521dbe81b4f'),
 ('28', '3', '2', '1', 'en_us', '8', '', '{\"typeId\":\"2\",\"authorId\":\"1\",\"title\":\"Tubular X\",\"slug\":\"tubular-x\",\"postDate\":1459890660,\"expiryDate\":null,\"enabled\":1,\"parentId\":null,\"fields\":{\"34\":\"Adidas Originals\",\"4\":{\"12\":{\"type\":\"image\",\"enabled\":\"1\",\"fields\":{\"image\":[\"28\"],\"size\":\"full\",\"position\":\"right\"}},\"8\":{\"type\":\"text\",\"enabled\":\"1\",\"fields\":{\"copy\":\"<p>As a development for adidas\\u2019 Tubular range Superimpose was briefed by adidas Originals UK to create a lookbook to launch the premium Primeknit Tubular X.<\\/p>\\r\\n\\r\\n<p>With a focus on the styling Superimpose set out to make the collection appeal to a wider audience set.<\\/p>\",\"position\":\"left\"}},\"13\":{\"type\":\"twoImages\",\"enabled\":\"1\",\"fields\":{\"images\":[\"6\",\"11\"]}},\"14\":{\"type\":\"image\",\"enabled\":\"1\",\"fields\":{\"image\":[\"10\"],\"size\":\"full\",\"position\":\"left\"}},\"20\":{\"type\":\"threeImages\",\"enabled\":\"1\",\"fields\":{\"images\":[\"17\",\"18\",\"19\"]}},\"24\":{\"type\":\"imageText\",\"enabled\":\"1\",\"fields\":{\"copy\":\"<p>As a development for adidas\\u2019 Tubular range Superimpose was briefed by adidas Originals UK to create a lookbook to launch the premium Primeknit Tubular X.<\\/p>\\r\\n\\r\\n<p>With a focus on the styling Superimpose set out to make the collection appeal to a wider audience set.<\\/p>\",\"image\":[\"5\"],\"position\":\"textRightImageLeft\"}},\"25\":{\"type\":\"twoImagesOneImage\",\"enabled\":\"1\",\"fields\":{\"largeImage\":[\"21\"],\"smallImages\":[\"22\",\"23\"],\"position\":\"largeImageLeft\"}}},\"35\":\"2015\"}}', '2016-05-11 11:29:45', '2016-05-11 11:29:45', '0a93a281-dcfb-4ca6-bb5c-354adf6ddfe1'),
 ('29', '3', '2', '1', 'en_us', '9', '', '{\"typeId\":\"2\",\"authorId\":\"1\",\"title\":\"Tubular X\",\"slug\":\"tubular-x\",\"postDate\":1459890660,\"expiryDate\":null,\"enabled\":1,\"parentId\":null,\"fields\":{\"34\":\"Adidas Originals\",\"4\":{\"12\":{\"type\":\"image\",\"enabled\":\"1\",\"fields\":{\"image\":[\"28\"],\"size\":\"full\",\"position\":\"right\"}},\"8\":{\"type\":\"text\",\"enabled\":\"1\",\"fields\":{\"copy\":\"<p>As a development for adidas\\u2019 Tubular range Superimpose was briefed by adidas Originals UK to create a lookbook to launch the premium Primeknit Tubular X.<\\/p>\\r\\n\\r\\n<p>With a focus on the styling Superimpose set out to make the collection appeal to a wider audience set.<\\/p>\",\"position\":\"left\"}},\"13\":{\"type\":\"twoImages\",\"enabled\":\"1\",\"fields\":{\"images\":[\"6\",\"11\"]}},\"14\":{\"type\":\"image\",\"enabled\":\"1\",\"fields\":{\"image\":[\"10\"],\"size\":\"full\",\"position\":\"left\"}},\"20\":{\"type\":\"threeImages\",\"enabled\":\"1\",\"fields\":{\"images\":[\"17\",\"18\",\"19\"]}},\"24\":{\"type\":\"imageText\",\"enabled\":\"1\",\"fields\":{\"copy\":\"<p>As a development for adidas\\u2019 Tubular range Superimpose was briefed by adidas Originals UK to create a lookbook to launch the premium Primeknit Tubular X.<\\/p>\\r\\n\\r\\n<p>With a focus on the styling Superimpose set out to make the collection appeal to a wider audience set.<\\/p>\",\"image\":[\"5\"],\"position\":\"textRightImageLeft\"}},\"25\":{\"type\":\"twoImagesOneImage\",\"enabled\":\"1\",\"fields\":{\"largeImage\":[\"21\"],\"smallImages\":[\"22\",\"23\"],\"position\":\"largeImageLeft\"}}},\"36\":\"full\",\"35\":\"2015\"}}', '2016-05-11 14:26:51', '2016-05-11 14:26:51', '27763662-8a15-4ba5-99f2-5c4cdefe8967'),
 ('30', '41', '2', '1', 'en_us', '3', '', '{\"typeId\":\"2\",\"authorId\":\"1\",\"title\":\"\\u201cRipped and Repaired\\u201d\",\"slug\":\"cheap-monday\",\"postDate\":1461860760,\"expiryDate\":null,\"enabled\":1,\"parentId\":null,\"fields\":{\"34\":\"Cheap Monday\",\"4\":{\"42\":{\"type\":\"image\",\"enabled\":\"1\",\"fields\":{\"image\":[\"7\"],\"size\":\"full\",\"position\":\"left\"}}},\"36\":\"half\",\"35\":\"2015\"}}', '2016-05-11 14:27:21', '2016-05-11 14:27:21', 'f1d8e8ba-8a65-4f61-bf17-9becfd628b40'),
 ('31', '44', '2', '1', 'en_us', '2', '', '{\"typeId\":\"2\",\"authorId\":\"1\",\"title\":\"Stan Smith \\u201cFor Every Court\\u201d SS15 Campaign\",\"slug\":\"stan-smith-for-every-court-ss15-campaign\",\"postDate\":1461942000,\"expiryDate\":null,\"enabled\":1,\"parentId\":null,\"fields\":{\"34\":\"Adidas\",\"4\":{\"45\":{\"type\":\"image\",\"enabled\":\"1\",\"fields\":{\"image\":[\"43\"],\"size\":\"full\",\"position\":\"left\"}}},\"36\":\"full\",\"35\":\"2015\"}}', '2016-05-11 14:27:31', '2016-05-11 14:27:31', 'a1f33984-7cbc-4be4-840e-d5297eec491e'),
 ('32', '46', '2', '1', 'en_us', '2', '', '{\"typeId\":\"2\",\"authorId\":\"1\",\"title\":\"NYC Pop-Off Store\",\"slug\":\"palace-nyc-pop-off-store\",\"postDate\":1461942120,\"expiryDate\":null,\"enabled\":1,\"parentId\":null,\"fields\":{\"34\":\"Palace\",\"4\":{\"47\":{\"type\":\"image\",\"enabled\":\"1\",\"fields\":{\"image\":[\"29\"],\"size\":\"full\",\"position\":\"left\"}}},\"36\":\"half\",\"35\":\"2015\"}}', '2016-05-11 14:27:44', '2016-05-11 14:27:44', '9e09dbb7-1f9d-488f-bb71-5ad0955bdff7'),
 ('33', '48', '2', '1', 'en_us', '2', '', '{\"typeId\":\"2\",\"authorId\":\"1\",\"title\":\"\\u201cI WANT I CAN\\u201d ZX Flux\",\"slug\":\"i-want-i-can-zx-flux\",\"postDate\":1461942660,\"expiryDate\":null,\"enabled\":1,\"parentId\":null,\"fields\":{\"34\":\"Adidas\",\"4\":{\"49\":{\"type\":\"image\",\"enabled\":\"1\",\"fields\":{\"image\":[\"26\"],\"size\":\"full\",\"position\":\"left\"}}},\"36\":\"full\",\"35\":\"2015\"}}', '2016-05-11 14:27:59', '2016-05-11 14:27:59', '87e77a61-5afb-430d-a211-73e53b1d65eb'),
 ('34', '46', '2', '1', 'en_us', '3', '', '{\"typeId\":\"2\",\"authorId\":\"1\",\"title\":\"NYC Pop-Off Store\",\"slug\":\"palace-nyc-pop-off-store\",\"postDate\":1461942120,\"expiryDate\":null,\"enabled\":1,\"parentId\":null,\"fields\":{\"34\":\"Palace\",\"4\":{\"47\":{\"type\":\"image\",\"enabled\":\"1\",\"fields\":{\"image\":[\"29\"],\"size\":\"full\",\"position\":\"left\"}}},\"36\":\"half\",\"35\":\"2015\"}}', '2016-05-11 14:28:22', '2016-05-11 14:28:22', '71ff89a8-c036-4020-937a-113d49d8272f'),
 ('35', '3', '2', '1', 'en_us', '10', '', '{\"typeId\":\"2\",\"authorId\":\"1\",\"title\":\"Tubular X\",\"slug\":\"tubular-x\",\"postDate\":1459890660,\"expiryDate\":null,\"enabled\":1,\"parentId\":null,\"fields\":{\"34\":\"Adidas Originals\",\"4\":{\"12\":{\"type\":\"image\",\"enabled\":\"1\",\"fields\":{\"image\":[\"28\"],\"size\":\"full\",\"position\":\"right\"}},\"8\":{\"type\":\"text\",\"enabled\":\"1\",\"fields\":{\"copy\":\"<p>As a development for adidas\\u2019 Tubular range Superimpose was briefed by adidas Originals UK to create a lookbook to launch the premium Primeknit Tubular X.<\\/p>\\r\\n\\r\\n<p>With a focus on the styling Superimpose set out to make the collection appeal to a wider audience set.<\\/p>\",\"position\":\"left\"}},\"13\":{\"type\":\"twoImages\",\"enabled\":\"1\",\"fields\":{\"images\":[\"6\",\"11\"]}},\"14\":{\"type\":\"image\",\"enabled\":\"1\",\"fields\":{\"image\":[\"10\"],\"size\":\"full\",\"position\":\"left\"}},\"20\":{\"type\":\"threeImages\",\"enabled\":\"1\",\"fields\":{\"images\":[\"17\",\"18\",\"19\"]}},\"24\":{\"type\":\"imageText\",\"enabled\":\"1\",\"fields\":{\"copy\":\"<p>As a development for adidas\\u2019 Tubular range Superimpose was briefed by adidas Originals UK to create a lookbook to launch the premium Primeknit Tubular X.<\\/p>\\r\\n\\r\\n<p>With a focus on the styling Superimpose set out to make the collection appeal to a wider audience set.<\\/p>\",\"image\":[\"5\"],\"position\":\"textRightImageLeft\"}},\"25\":{\"type\":\"twoImagesOneImage\",\"enabled\":\"1\",\"fields\":{\"largeImage\":[\"21\"],\"smallImages\":[\"22\",\"23\"],\"position\":\"largeImageLeft\"}}},\"37\":[\"6\"],\"36\":\"full\",\"35\":\"2015\"}}', '2016-05-11 14:32:06', '2016-05-11 14:32:06', '6f0fcf00-f3d9-418b-aa50-38ef89c5c61f'),
 ('36', '41', '2', '1', 'en_us', '4', '', '{\"typeId\":\"2\",\"authorId\":\"1\",\"title\":\"\\u201cRipped and Repaired\\u201d\",\"slug\":\"cheap-monday\",\"postDate\":1461860760,\"expiryDate\":null,\"enabled\":1,\"parentId\":null,\"fields\":{\"34\":\"Cheap Monday\",\"4\":{\"42\":{\"type\":\"image\",\"enabled\":\"1\",\"fields\":{\"image\":[\"7\"],\"size\":\"full\",\"position\":\"left\"}}},\"37\":[\"51\"],\"36\":\"half\",\"35\":\"2015\"}}', '2016-05-11 14:32:23', '2016-05-11 14:32:23', 'b11bfcab-e126-4519-a4dd-09a1a9c6d5e0'),
 ('37', '44', '2', '1', 'en_us', '3', '', '{\"typeId\":\"2\",\"authorId\":\"1\",\"title\":\"Stan Smith \\u201cFor Every Court\\u201d SS15 Campaign\",\"slug\":\"stan-smith-for-every-court-ss15-campaign\",\"postDate\":1461942000,\"expiryDate\":null,\"enabled\":1,\"parentId\":null,\"fields\":{\"34\":\"Adidas\",\"4\":{\"45\":{\"type\":\"image\",\"enabled\":\"1\",\"fields\":{\"image\":[\"43\"],\"size\":\"full\",\"position\":\"left\"}}},\"37\":[\"27\"],\"36\":\"full\",\"35\":\"2015\"}}', '2016-05-11 14:32:34', '2016-05-11 14:32:34', 'a402d28a-2697-40f9-81e8-dad02b1af18d'),
 ('38', '46', '2', '1', 'en_us', '4', '', '{\"typeId\":\"2\",\"authorId\":\"1\",\"title\":\"NYC Pop-Off Store\",\"slug\":\"palace-nyc-pop-off-store\",\"postDate\":1461942120,\"expiryDate\":null,\"enabled\":1,\"parentId\":null,\"fields\":{\"34\":\"Palace\",\"4\":{\"47\":{\"type\":\"image\",\"enabled\":\"1\",\"fields\":{\"image\":[\"29\"],\"size\":\"full\",\"position\":\"left\"}}},\"37\":[\"29\"],\"36\":\"half\",\"35\":\"2015\"}}', '2016-05-11 14:32:43', '2016-05-11 14:32:43', '61f12077-35fb-48f3-86c4-aa3669c2df5f'),
 ('39', '48', '2', '1', 'en_us', '3', '', '{\"typeId\":\"2\",\"authorId\":\"1\",\"title\":\"\\u201cI WANT I CAN\\u201d ZX Flux\",\"slug\":\"i-want-i-can-zx-flux\",\"postDate\":1461942660,\"expiryDate\":null,\"enabled\":1,\"parentId\":null,\"fields\":{\"34\":\"Adidas\",\"4\":{\"49\":{\"type\":\"image\",\"enabled\":\"1\",\"fields\":{\"image\":[\"26\"],\"size\":\"full\",\"position\":\"left\"}}},\"37\":[\"26\"],\"36\":\"full\",\"35\":\"2015\"}}', '2016-05-11 14:32:51', '2016-05-11 14:32:51', '3a60e4dd-ba43-4cd8-a64f-adbca68a8f66'),
 ('40', '46', '2', '1', 'en_us', '5', '', '{\"typeId\":\"2\",\"authorId\":\"1\",\"title\":\"NYC Pop-Off Store\",\"slug\":\"palace-nyc-pop-off-store\",\"postDate\":1461942120,\"expiryDate\":null,\"enabled\":1,\"parentId\":null,\"fields\":{\"34\":\"Palace\",\"4\":{\"47\":{\"type\":\"image\",\"enabled\":\"1\",\"fields\":{\"image\":[\"29\"],\"size\":\"full\",\"position\":\"left\"}}},\"37\":[\"29\"],\"36\":\"full\",\"35\":\"2015\"}}', '2016-05-11 14:40:12', '2016-05-11 14:40:12', '80992849-7277-4e0b-89e9-6acf5dbfa88e'),
 ('41', '44', '2', '1', 'en_us', '4', '', '{\"typeId\":\"2\",\"authorId\":\"1\",\"title\":\"Stan Smith \\u201cFor Every Court\\u201d SS15 Campaign\",\"slug\":\"stan-smith-for-every-court-ss15-campaign\",\"postDate\":1461942000,\"expiryDate\":null,\"enabled\":1,\"parentId\":null,\"fields\":{\"34\":\"Adidas\",\"4\":{\"45\":{\"type\":\"image\",\"enabled\":\"1\",\"fields\":{\"image\":[\"43\"],\"size\":\"full\",\"position\":\"left\"}}},\"37\":[\"27\"],\"36\":\"half\",\"35\":\"2015\"}}', '2016-05-11 14:43:30', '2016-05-11 14:43:30', '8d8d72c0-61ca-43a0-82c4-69f53d4d224f'),
 ('42', '41', '2', '1', 'en_us', '5', '', '{\"typeId\":\"2\",\"authorId\":\"1\",\"title\":\"\\u201cRipped and Repaired\\u201d\",\"slug\":\"cheap-monday\",\"postDate\":1461860760,\"expiryDate\":null,\"enabled\":1,\"parentId\":null,\"fields\":{\"34\":\"Cheap Monday\",\"4\":{\"42\":{\"type\":\"image\",\"enabled\":\"1\",\"fields\":{\"image\":[\"7\"],\"size\":\"full\",\"position\":\"left\"}}},\"37\":[\"51\"],\"36\":\"half\",\"35\":\"2015\"}}', '2016-05-11 14:43:34', '2016-05-11 14:43:34', '03888c46-4044-4455-aa27-c10e942ab3e9'),
 ('43', '3', '2', '1', 'en_us', '11', '', '{\"typeId\":\"2\",\"authorId\":\"1\",\"title\":\"Tubular X\",\"slug\":\"tubular-x\",\"postDate\":1459890660,\"expiryDate\":null,\"enabled\":1,\"parentId\":null,\"fields\":{\"34\":\"Adidas Originals\",\"4\":{\"12\":{\"type\":\"image\",\"enabled\":\"1\",\"fields\":{\"image\":[\"28\"],\"size\":\"full\",\"position\":\"right\"}},\"8\":{\"type\":\"text\",\"enabled\":\"1\",\"fields\":{\"copy\":\"<p>As a development for adidas\\u2019 Tubular range Superimpose was briefed by adidas Originals UK to create a lookbook to launch the premium Primeknit Tubular X.<\\/p>\\r\\n\\r\\n<p>With a focus on the styling Superimpose set out to make the collection appeal to a wider audience set.<\\/p>\",\"position\":\"left\"}},\"13\":{\"type\":\"twoImages\",\"enabled\":\"1\",\"fields\":{\"images\":[\"6\",\"11\"]}},\"14\":{\"type\":\"image\",\"enabled\":\"1\",\"fields\":{\"image\":[\"10\"],\"size\":\"full\",\"position\":\"left\"}},\"20\":{\"type\":\"threeImages\",\"enabled\":\"1\",\"fields\":{\"images\":[\"17\",\"18\",\"19\"]}},\"24\":{\"type\":\"imageText\",\"enabled\":\"1\",\"fields\":{\"copy\":\"<p>As a development for adidas\\u2019 Tubular range Superimpose was briefed by adidas Originals UK to create a lookbook to launch the premium Primeknit Tubular X.<\\/p>\\r\\n\\r\\n<p>With a focus on the styling Superimpose set out to make the collection appeal to a wider audience set.<\\/p>\",\"image\":[\"5\"],\"position\":\"textRightImageLeft\"}},\"25\":{\"type\":\"twoImagesOneImage\",\"enabled\":\"1\",\"fields\":{\"largeImage\":[\"21\"],\"smallImages\":[\"22\",\"23\"],\"position\":\"largeImageLeft\"}}},\"37\":[\"6\"],\"36\":\"half\",\"35\":\"2015\"}}', '2016-05-11 14:43:37', '2016-05-11 14:43:37', '0784b12a-67f0-451c-8471-235029a02b21'),
 ('44', '2', '1', '1', 'en_us', '8', '', '{\"typeId\":null,\"authorId\":null,\"title\":\"Landing\",\"slug\":\"homepage\",\"postDate\":1459890715,\"expiryDate\":null,\"enabled\":1,\"parentId\":null,\"fields\":{\"3\":[\"7\",\"26\",\"29\",\"28\",\"11\",\"21\",\"22\",\"16\",\"10\"],\"33\":[\"50\"]}}', '2016-05-26 13:50:18', '2016-05-26 13:50:18', 'e55630b9-561f-4656-9086-e383a0c81e33'),
 ('45', '3', '2', '1', 'en_us', '12', '', '{\"typeId\":\"2\",\"authorId\":\"1\",\"title\":\"Tubular X\",\"slug\":\"tubular-x\",\"postDate\":1459890660,\"expiryDate\":null,\"enabled\":1,\"parentId\":null,\"fields\":{\"34\":\"Adidas Originals\",\"4\":{\"12\":{\"type\":\"image\",\"enabled\":\"1\",\"fields\":{\"image\":[\"28\"],\"size\":\"full\",\"position\":\"right\"}},\"8\":{\"type\":\"text\",\"enabled\":\"1\",\"fields\":{\"copy\":\"<p>As a development for adidas\\u2019 Tubular range Superimpose was briefed by adidas Originals UK to create a lookbook to launch the premium Primeknit Tubular X.<\\/p>\\r\\n\\r\\n<p>With a focus on the styling Superimpose set out to make the collection appeal to a wider audience set.<\\/p>\",\"position\":\"left\"}},\"13\":{\"type\":\"twoImages\",\"enabled\":\"1\",\"fields\":{\"images\":[\"6\",\"11\"]}},\"14\":{\"type\":\"image\",\"enabled\":\"1\",\"fields\":{\"image\":[\"10\"],\"size\":\"full\",\"position\":\"left\"}},\"20\":{\"type\":\"threeImages\",\"enabled\":\"1\",\"fields\":{\"images\":[\"17\",\"18\",\"19\"]}},\"24\":{\"type\":\"imageText\",\"enabled\":\"1\",\"fields\":{\"copy\":\"<p>As a development for adidas\\u2019 Tubular range Superimpose was briefed by adidas Originals UK to create a lookbook to launch the premium Primeknit Tubular X.<\\/p>\\r\\n\\r\\n<p>With a focus on the styling Superimpose set out to make the collection appeal to a wider audience set.<\\/p>\",\"image\":[\"5\"],\"position\":\"textRightImageLeft\"}},\"25\":{\"type\":\"twoImagesOneImage\",\"enabled\":\"1\",\"fields\":{\"largeImage\":[\"21\"],\"smallImages\":[\"22\",\"23\"],\"position\":\"largeImageLeft\"}},\"new1\":{\"type\":\"video\",\"enabled\":\"1\",\"fields\":{\"videoUrl\":\"https:\\/\\/www.youtube.com\\/watch?v=TltXDGAIUjw\",\"thumbnail\":[\"23\"]}}},\"37\":[\"6\"],\"36\":\"half\",\"35\":\"2015\"}}', '2016-05-26 15:43:47', '2016-05-26 15:43:47', '99378ece-30ce-4855-aed3-3dbc0122cb0c'),
 ('46', '46', '2', '1', 'en_us', '6', '', '{\"typeId\":\"2\",\"authorId\":\"1\",\"title\":\"NYC Pop-Off Store\",\"slug\":\"palace-nyc-pop-off-store\",\"postDate\":1461942120,\"expiryDate\":null,\"enabled\":1,\"parentId\":null,\"fields\":{\"34\":\"Palace\",\"4\":{\"47\":{\"type\":\"image\",\"enabled\":\"1\",\"fields\":{\"image\":[\"29\"],\"size\":\"third\",\"position\":\"left\"}}},\"37\":[\"29\"],\"36\":\"full\",\"35\":\"2015\"}}', '2016-06-07 21:34:31', '2016-06-07 21:34:31', '8004ea50-7130-4183-9d21-238709545e45'),
 ('47', '46', '2', '1', 'en_us', '7', '', '{\"typeId\":\"2\",\"authorId\":\"1\",\"title\":\"NYC Pop-Off Store\",\"slug\":\"palace-nyc-pop-off-store\",\"postDate\":1461942120,\"expiryDate\":null,\"enabled\":1,\"parentId\":null,\"fields\":{\"34\":\"Palace\",\"4\":{\"47\":{\"type\":\"image\",\"enabled\":\"1\",\"fields\":{\"image\":[\"29\"],\"size\":\"half\",\"position\":\"center\"}}},\"37\":[\"29\"],\"36\":\"full\",\"35\":\"2015\"}}', '2016-06-07 21:35:10', '2016-06-07 21:35:10', '0638e408-e63e-44d8-8f79-10a30dccb57d'),
 ('48', '48', '2', '1', 'en_us', '4', '', '{\"typeId\":\"2\",\"authorId\":\"1\",\"title\":\"\\u201cI WANT I CAN\\u201d ZX Flux\",\"slug\":\"i-want-i-can-zx-flux\",\"postDate\":1461942660,\"expiryDate\":null,\"enabled\":1,\"parentId\":null,\"fields\":{\"34\":\"Adidas\",\"4\":{\"49\":{\"type\":\"image\",\"enabled\":\"1\",\"fields\":{\"image\":[\"26\"],\"size\":\"autoHeight\",\"position\":\"left\"}}},\"37\":[\"26\"],\"36\":\"full\",\"35\":\"2015\"}}', '2016-06-07 21:48:09', '2016-06-07 21:48:09', 'd0adca2c-3a5e-4f2f-8d67-9c8d049ed9f2'),
 ('49', '46', '2', '1', 'en_us', '8', '', '{\"typeId\":\"2\",\"authorId\":\"1\",\"title\":\"NYC Pop-Off Store\",\"slug\":\"palace-nyc-pop-off-store\",\"postDate\":1461942120,\"expiryDate\":null,\"enabled\":1,\"parentId\":null,\"fields\":{\"34\":\"Palace\",\"4\":{\"47\":{\"type\":\"image\",\"enabled\":\"1\",\"fields\":{\"image\":[\"29\"],\"size\":\"autoHeight\",\"position\":\"center\"}}},\"37\":[\"29\"],\"36\":\"full\",\"35\":\"2015\"}}', '2016-06-07 21:48:11', '2016-06-07 21:48:11', '2fd85c23-ae1e-4bae-8686-de990fcedfe2'),
 ('50', '44', '2', '1', 'en_us', '5', '', '{\"typeId\":\"2\",\"authorId\":\"1\",\"title\":\"Stan Smith \\u201cFor Every Court\\u201d SS15 Campaign\",\"slug\":\"stan-smith-for-every-court-ss15-campaign\",\"postDate\":1461942000,\"expiryDate\":null,\"enabled\":1,\"parentId\":null,\"fields\":{\"34\":\"Adidas\",\"4\":{\"45\":{\"type\":\"image\",\"enabled\":\"1\",\"fields\":{\"image\":[\"43\"],\"size\":\"autoHeight\",\"position\":\"left\"}}},\"37\":[\"27\"],\"36\":\"half\",\"35\":\"2015\"}}', '2016-06-07 21:48:14', '2016-06-07 21:48:14', '4c2dc980-b3d5-4eb9-beac-988cd74827fd'),
 ('51', '41', '2', '1', 'en_us', '6', '', '{\"typeId\":\"2\",\"authorId\":\"1\",\"title\":\"\\u201cRipped and Repaired\\u201d\",\"slug\":\"cheap-monday\",\"postDate\":1461860760,\"expiryDate\":null,\"enabled\":1,\"parentId\":null,\"fields\":{\"34\":\"Cheap Monday\",\"4\":{\"42\":{\"type\":\"image\",\"enabled\":\"1\",\"fields\":{\"image\":[\"7\"],\"size\":\"autoHeight\",\"position\":\"left\"}}},\"37\":[\"51\"],\"36\":\"half\",\"35\":\"2015\"}}', '2016-06-07 21:48:19', '2016-06-07 21:48:19', '9a14ccd3-e8b1-4b52-9d57-d4ddd7d1f498'),
 ('52', '3', '2', '1', 'en_us', '13', '', '{\"typeId\":\"2\",\"authorId\":\"1\",\"title\":\"Tubular X\",\"slug\":\"tubular-x\",\"postDate\":1459890660,\"expiryDate\":null,\"enabled\":1,\"parentId\":null,\"fields\":{\"34\":\"Adidas Originals\",\"4\":{\"12\":{\"type\":\"image\",\"enabled\":\"1\",\"fields\":{\"image\":[\"28\"],\"size\":\"autoHeight\",\"position\":\"right\"}},\"8\":{\"type\":\"text\",\"enabled\":\"1\",\"fields\":{\"copy\":\"<p>As a development for adidas\\u2019 Tubular range Superimpose was briefed by adidas Originals UK to create a lookbook to launch the premium Primeknit Tubular X.<\\/p>\\r\\n\\r\\n<p>With a focus on the styling Superimpose set out to make the collection appeal to a wider audience set.<\\/p>\",\"position\":\"left\"}},\"13\":{\"type\":\"twoImages\",\"enabled\":\"1\",\"fields\":{\"images\":[\"6\",\"11\"]}},\"14\":{\"type\":\"image\",\"enabled\":\"1\",\"fields\":{\"image\":[\"10\"],\"size\":\"autoHeight\",\"position\":\"left\"}},\"20\":{\"type\":\"threeImages\",\"enabled\":\"1\",\"fields\":{\"images\":[\"17\",\"18\",\"19\"]}},\"24\":{\"type\":\"imageText\",\"enabled\":\"1\",\"fields\":{\"copy\":\"<p>As a development for adidas\\u2019 Tubular range Superimpose was briefed by adidas Originals UK to create a lookbook to launch the premium Primeknit Tubular X.<\\/p>\\r\\n\\r\\n<p>With a focus on the styling Superimpose set out to make the collection appeal to a wider audience set.<\\/p>\",\"image\":[\"5\"],\"position\":\"textRightImageLeft\"}},\"25\":{\"type\":\"twoImagesOneImage\",\"enabled\":\"1\",\"fields\":{\"largeImage\":[\"21\"],\"smallImages\":[\"22\",\"23\"],\"position\":\"largeImageLeft\"}},\"52\":{\"type\":\"video\",\"enabled\":\"1\",\"fields\":{\"videoUrl\":\"https:\\/\\/www.youtube.com\\/watch?v=TltXDGAIUjw\",\"thumbnail\":[\"23\"]}}},\"37\":[\"6\"],\"36\":\"half\",\"35\":\"2015\"}}', '2016-06-07 21:48:24', '2016-06-07 21:48:24', '831eaae4-3312-4f16-8a5b-47004370a0cd'),
 ('53', '48', '2', '1', 'en_us', '5', '', '{\"typeId\":\"2\",\"authorId\":\"1\",\"title\":\"\\u201cI WANT I CAN\\u201d ZX Flux\",\"slug\":\"i-want-i-can-zx-flux\",\"postDate\":1461942660,\"expiryDate\":null,\"enabled\":1,\"parentId\":null,\"fields\":{\"34\":\"Adidas\",\"4\":{\"49\":{\"type\":\"image\",\"enabled\":\"1\",\"fields\":{\"image\":[\"26\"],\"size\":\"4\",\"position\":\"left\"}}},\"37\":[\"26\"],\"36\":\"full\",\"35\":\"2015\"}}', '2016-06-09 10:05:36', '2016-06-09 10:05:36', '7fda55cc-0685-421e-beba-d40e6e9968f2'),
 ('54', '48', '2', '1', 'en_us', '6', '', '{\"typeId\":\"2\",\"authorId\":\"1\",\"title\":\"\\u201cI WANT I CAN\\u201d ZX Flux\",\"slug\":\"i-want-i-can-zx-flux\",\"postDate\":1461942660,\"expiryDate\":null,\"enabled\":1,\"parentId\":null,\"fields\":{\"34\":\"Adidas\",\"4\":{\"49\":{\"type\":\"image\",\"enabled\":\"1\",\"fields\":{\"image\":[\"26\"],\"size\":\"4\",\"position\":\"right\"}}},\"37\":[\"26\"],\"36\":\"full\",\"35\":\"2015\"}}', '2016-06-09 10:10:45', '2016-06-09 10:10:45', '08314144-4328-4617-921c-8c0ff8a60a10'),
 ('55', '2', '1', '1', 'en_us', '9', '', '{\"typeId\":null,\"authorId\":null,\"title\":\"Landing\",\"slug\":\"homepage\",\"postDate\":1459890715,\"expiryDate\":null,\"enabled\":1,\"parentId\":null,\"fields\":{\"3\":[\"48\",\"46\",\"44\",\"41\",\"3\"],\"33\":[\"50\"]}}', '2016-06-09 13:21:51', '2016-06-09 13:21:51', '7cfad0f9-bc69-4113-aebf-9c59566efd29'),
 ('56', '48', '2', '1', 'en_us', '7', '', '{\"typeId\":\"2\",\"authorId\":\"1\",\"title\":\"\\u201cI WANT I CAN\\u201d ZX Flux\",\"slug\":\"i-want-i-can-zx-flux\",\"postDate\":1461942660,\"expiryDate\":null,\"enabled\":1,\"parentId\":null,\"fields\":{\"34\":\"Adidas\",\"4\":{\"49\":{\"type\":\"image\",\"enabled\":\"1\",\"fields\":{\"image\":[\"26\"],\"size\":\"autoHeight\",\"position\":\"center\"}}},\"37\":[\"26\"],\"36\":\"full\",\"35\":\"2015\"}}', '2016-06-09 13:29:42', '2016-06-09 13:29:42', '76ac657e-8e84-40ce-9e50-3b2168fbc7a2'),
 ('57', '31', '3', '1', 'en_us', '9', '', '{\"typeId\":null,\"authorId\":null,\"title\":\"About\",\"slug\":\"about\",\"postDate\":1461844586,\"expiryDate\":null,\"enabled\":1,\"parentId\":null,\"fields\":{\"39\":\"<p>Further information and potential projects <a href=\\\"mailto:hello@superimpose.studio\\\">hello@superimpose.studio<\\/a><\\/p>\"}}', '2016-06-16 12:41:18', '2016-06-16 12:41:18', '52e357fe-7a9b-4bd6-b17a-cd6304ae7444'),
 ('58', '31', '3', '1', 'en_us', '10', '', '{\"typeId\":null,\"authorId\":null,\"title\":\"About\",\"slug\":\"about\",\"postDate\":1461844586,\"expiryDate\":null,\"enabled\":1,\"parentId\":null,\"fields\":{\"39\":\"<p>Further information and potential projects <a href=\\\"mailto:hello@superimpose.studio\\\">hello@superimpose.studio<\\/a><\\/p>\",\"41\":[\"19\"],\"40\":\"Download PDF\"}}', '2016-06-16 12:43:19', '2016-06-16 12:43:19', 'af744717-87a4-4df5-b2fc-366fdc851cfb'),
 ('59', '31', '3', '1', 'en_us', '11', '', '{\"typeId\":null,\"authorId\":null,\"title\":\"About\",\"slug\":\"about\",\"postDate\":1461844586,\"expiryDate\":null,\"enabled\":1,\"parentId\":null,\"fields\":{\"39\":\"<p>Further information and potential projects \\u2013 <a href=\\\"mailto:hello@superimpose.studio\\\">hello@superimpose.studio<\\/a><\\/p>\",\"41\":[\"19\"],\"40\":\"Download PDF\"}}', '2016-06-16 12:58:19', '2016-06-16 12:58:19', 'd9d83984-623c-4a77-9231-5013f44fd698'),
 ('60', '31', '3', '1', 'en_us', '12', '', '{\"typeId\":null,\"authorId\":null,\"title\":\"About\",\"slug\":\"about\",\"postDate\":1461844586,\"expiryDate\":null,\"enabled\":1,\"parentId\":null,\"fields\":{\"39\":\"<p>Further information and potential projects <a href=\\\"mailto:hello@superimpose.studio\\\"><strong>hello@superimpose.studio<\\/strong><\\/a><\\/p>\",\"41\":[\"19\"],\"40\":\"Download PDF\"}}', '2016-06-16 13:05:37', '2016-06-16 13:05:37', '79fdbe47-fdd3-4a73-b547-2ab57ad19a6d'),
 ('61', '31', '3', '1', 'en_us', '13', '', '{\"typeId\":null,\"authorId\":null,\"title\":\"About\",\"slug\":\"about\",\"postDate\":1461844586,\"expiryDate\":null,\"enabled\":1,\"parentId\":null,\"fields\":{\"39\":\"<p>Further information and potential projects \\u2013<\\/p><p><a href=\\\"mailto:hello@superimpose.studio\\\"><strong>hello@superimpose.studio<\\/strong><\\/a><\\/p>\",\"41\":[\"19\"],\"40\":\"Download PDF\"}}', '2016-06-16 13:05:59', '2016-06-16 13:05:59', '6e802c82-83ec-46ff-a30c-d4162ad5144f'),
 ('62', '31', '3', '1', 'en_us', '14', '', '{\"typeId\":null,\"authorId\":null,\"title\":\"About\",\"slug\":\"about\",\"postDate\":1461844586,\"expiryDate\":null,\"enabled\":1,\"parentId\":null,\"fields\":{\"39\":\"<p>Further information and potential projects \\u2013<\\/p>\\r\\n\\r\\n<p><a href=\\\"mailto:hello@superimpose.studio\\\"><strong>hello&nbsp;@&nbsp;superimpose.studio<\\/strong><\\/a><\\/p>\",\"41\":[\"19\"],\"40\":\"Download PDF\"}}', '2016-06-16 22:44:28', '2016-06-16 22:44:28', 'd13df577-b2f0-4000-bff3-0313eb4f20a1'),
 ('63', '31', '3', '1', 'en_us', '15', '', '{\"typeId\":null,\"authorId\":null,\"title\":\"About\",\"slug\":\"about\",\"postDate\":1461844586,\"expiryDate\":null,\"enabled\":1,\"parentId\":null,\"fields\":{\"39\":\"<p>Further information and potential projects \\u2013<\\/p>\\r\\n\\r\\n<p><a href=\\\"mailto:hello@superimpose.studio\\\"><strong>hello@superimpose.studio<\\/strong><\\/a><\\/p>\",\"41\":[\"19\"],\"40\":\"Download PDF\"}}', '2016-06-16 22:44:54', '2016-06-16 22:44:54', '2a341282-c55c-49f2-a76e-ef241f07495a'),
 ('64', '31', '3', '1', 'en_us', '16', '', '{\"typeId\":null,\"authorId\":null,\"title\":\"About\",\"slug\":\"about\",\"postDate\":1461844586,\"expiryDate\":null,\"enabled\":1,\"parentId\":null,\"fields\":{\"39\":\"<p>Further information and potential projects<\\/p>\\r\\n\\r\\n<p><a href=\\\"mailto:hello@superimpose.studio\\\"><strong>hello@superimpose.studio<\\/strong><\\/a><\\/p>\",\"41\":[\"19\"],\"40\":\"Download PDF\"}}', '2016-06-17 11:29:50', '2016-06-17 11:29:50', 'a2d33ff6-73e8-455b-83cd-a5b6ab7ae8aa'),
 ('65', '3', '2', '1', 'en_us', '14', '', '{\"typeId\":\"2\",\"authorId\":\"1\",\"title\":\"Tubular X\",\"slug\":\"tubular-x\",\"postDate\":1459890660,\"expiryDate\":null,\"enabled\":1,\"parentId\":null,\"fields\":{\"34\":\"Adidas Originals\",\"4\":{\"new1\":{\"type\":\"heading\",\"enabled\":\"1\",\"fields\":{\"text\":\"S\\/S 15\"}},\"12\":{\"type\":\"image\",\"enabled\":\"1\",\"fields\":{\"image\":[\"28\"],\"size\":\"autoHeight\",\"position\":\"right\"}},\"8\":{\"type\":\"text\",\"enabled\":\"1\",\"fields\":{\"copy\":\"<p>As a development for adidas\\u2019 Tubular range Superimpose was briefed by adidas Originals UK to create a lookbook to launch the premium Primeknit Tubular X.<\\/p>\\r\\n\\r\\n<p>With a focus on the styling Superimpose set out to make the collection appeal to a wider audience set.<\\/p>\",\"position\":\"left\"}},\"13\":{\"type\":\"twoImages\",\"enabled\":\"1\",\"fields\":{\"images\":[\"6\",\"11\"]}},\"14\":{\"type\":\"image\",\"enabled\":\"1\",\"fields\":{\"image\":[\"10\"],\"size\":\"autoHeight\",\"position\":\"left\"}},\"20\":{\"type\":\"threeImages\",\"enabled\":\"1\",\"fields\":{\"images\":[\"17\",\"18\",\"19\"]}},\"new2\":{\"type\":\"heading\",\"enabled\":\"1\",\"fields\":{\"text\":\"With a focus on the styling Superimpose set out to make the collection appeal to a wider audience set\"}},\"24\":{\"type\":\"imageText\",\"enabled\":\"1\",\"fields\":{\"copy\":\"<p>As a development for adidas\\u2019 Tubular range Superimpose was briefed by adidas Originals UK to create a lookbook to launch the premium Primeknit Tubular X.<\\/p>\\r\\n\\r\\n<p>With a focus on the styling Superimpose set out to make the collection appeal to a wider audience set.<\\/p>\",\"image\":[\"5\"],\"position\":\"textRightImageLeft\"}},\"25\":{\"type\":\"twoImagesOneImage\",\"enabled\":\"1\",\"fields\":{\"largeImage\":[\"21\"],\"smallImages\":[\"22\",\"23\"],\"position\":\"largeImageLeft\"}},\"52\":{\"type\":\"video\",\"enabled\":\"1\",\"fields\":{\"videoUrl\":\"https:\\/\\/www.youtube.com\\/watch?v=TltXDGAIUjw\",\"thumbnail\":[\"23\"]}}},\"37\":[\"6\"],\"36\":\"half\",\"35\":\"2015\"}}', '2016-07-12 10:17:05', '2016-07-12 10:17:05', '3870588b-43c3-4218-99f1-a63f99c34240');



DROP TABLE IF EXISTS `craft_fieldgroups`;


--
-- Schema for table `craft_fieldgroups`
--
CREATE TABLE `craft_fieldgroups` (
  `id` int(11) NOT NULL AUTO_INCREMENT,
  `name` varchar(255) COLLATE utf8_unicode_ci NOT NULL,
  `dateCreated` datetime NOT NULL,
  `dateUpdated` datetime NOT NULL,
  `uid` char(36) COLLATE utf8_unicode_ci NOT NULL DEFAULT '0',
  PRIMARY KEY (`id`),
  UNIQUE KEY `craft_fieldgroups_name_unq_idx` (`name`)
) ENGINE=InnoDB AUTO_INCREMENT=6 DEFAULT CHARSET=utf8 COLLATE=utf8_unicode_ci;

--
-- Data for table `craft_fieldgroups`
--

INSERT INTO `craft_fieldgroups` (`id`, `name`, `dateCreated`, `dateUpdated`, `uid`) VALUES
 ('1', 'Default', '2016-04-05 21:11:55', '2016-04-05 21:11:55', 'b036c956-f3b6-4084-b87d-dcba5ccb38dd'),
 ('2', 'Landing Fields', '2016-04-22 10:34:16', '2016-04-22 10:34:16', '906b2a23-ebb9-439f-900c-553cb3847215'),
 ('3', 'Work Fields', '2016-04-22 11:24:00', '2016-04-22 11:24:00', 'dfa8d7e0-6705-4c9d-87aa-74767c002d0a'),
 ('4', 'About Fields', '2016-04-28 11:56:52', '2016-04-28 11:56:52', 'ab066e88-7796-43be-ac5c-d291a3da9c0b'),
 ('5', 'Global Fields', '2016-07-07 11:48:21', '2016-07-07 11:48:30', '0bedb267-4450-4762-81ee-7fa90e42eb4b');



DROP TABLE IF EXISTS `craft_fieldlayoutfields`;


--
-- Schema for table `craft_fieldlayoutfields`
--
CREATE TABLE `craft_fieldlayoutfields` (
  `id` int(11) NOT NULL AUTO_INCREMENT,
  `layoutId` int(11) NOT NULL,
  `tabId` int(11) NOT NULL,
  `fieldId` int(11) NOT NULL,
  `required` tinyint(1) unsigned NOT NULL DEFAULT '0',
  `sortOrder` smallint(6) unsigned DEFAULT NULL,
  `dateCreated` datetime NOT NULL,
  `dateUpdated` datetime NOT NULL,
  `uid` char(36) COLLATE utf8_unicode_ci NOT NULL DEFAULT '0',
  PRIMARY KEY (`id`),
  UNIQUE KEY `craft_fieldlayoutfields_layoutId_fieldId_unq_idx` (`layoutId`,`fieldId`),
  KEY `craft_fieldlayoutfields_sortOrder_idx` (`sortOrder`),
  KEY `craft_fieldlayoutfields_tabId_fk` (`tabId`),
  KEY `craft_fieldlayoutfields_fieldId_fk` (`fieldId`)
) ENGINE=InnoDB AUTO_INCREMENT=198 DEFAULT CHARSET=utf8 COLLATE=utf8_unicode_ci;

--
-- Data for table `craft_fieldlayoutfields`
--

INSERT INTO `craft_fieldlayoutfields` (`id`, `layoutId`, `tabId`, `fieldId`, `required`, `sortOrder`, `dateCreated`, `dateUpdated`, `uid`) VALUES
 ('101', '53', '48', '33', '0', '1', '2016-05-10 12:25:43', '2016-05-10 12:25:43', '8b3a2a93-8f1e-4007-b988-3a968dd4e63e'),
 ('102', '53', '48', '3', '0', '2', '2016-05-10 12:25:43', '2016-05-10 12:25:43', '804899c2-f863-449c-9a25-e7f88dc8286f'),
 ('110', '56', '51', '34', '1', '1', '2016-05-11 14:31:48', '2016-05-11 14:31:48', 'e3581d94-12a8-4ae2-aa52-d0e7553b4548'),
 ('111', '56', '51', '35', '1', '2', '2016-05-11 14:31:48', '2016-05-11 14:31:48', '908afa14-315f-4e0c-9b90-c86effe04338'),
 ('112', '56', '51', '37', '1', '3', '2016-05-11 14:31:48', '2016-05-11 14:31:48', 'b4a557e2-8786-4b88-ae02-2f8c1b8bad45'),
 ('113', '56', '51', '36', '1', '4', '2016-05-11 14:31:48', '2016-05-11 14:31:48', 'cf0fbf0a-d6c3-4a3a-ac72-88d9545ae162'),
 ('114', '56', '51', '4', '0', '5', '2016-05-11 14:31:48', '2016-05-11 14:31:48', 'f270bc34-721c-4d0b-99be-20596cf0e8d9'),
 ('176', '86', '81', '39', '0', '1', '2016-06-16 12:42:24', '2016-06-16 12:42:24', '16b7d9e6-cfc7-4a40-9477-88536df72a65'),
 ('177', '86', '81', '40', '0', '2', '2016-06-16 12:42:24', '2016-06-16 12:42:24', '8efb375b-35e4-476d-9d26-5a58b605fe67'),
 ('178', '86', '81', '41', '0', '3', '2016-06-16 12:42:24', '2016-06-16 12:42:24', '4e0a5c84-6766-4493-848d-c57ccd9ba1cc'),
 ('179', '88', '82', '42', '0', '1', '2016-07-07 11:49:22', '2016-07-07 11:49:22', 'b40899ed-3986-418e-9acc-e19f7c4d61dc'),
 ('180', '88', '82', '44', '0', '2', '2016-07-07 11:49:22', '2016-07-07 11:49:22', '5c7e78c5-c5bb-4bd5-8136-1ee5a4aa6ff4'),
 ('181', '88', '82', '43', '0', '3', '2016-07-07 11:49:22', '2016-07-07 11:49:22', '38aaa9c4-d401-4978-9e35-26f700e207e2'),
 ('182', '91', '83', '45', '0', '1', '2016-07-12 10:15:06', '2016-07-12 10:15:06', '1477096b-5670-48f0-95e6-764a37080f07'),
 ('183', '92', '84', '5', '0', '1', '2016-07-12 10:15:06', '2016-07-12 10:15:06', '069247bd-9203-43b4-9ad0-1f7c368a4966'),
 ('184', '92', '84', '6', '0', '2', '2016-07-12 10:15:06', '2016-07-12 10:15:06', '5697a860-d37e-4572-9ce2-78f99a76a8fe'),
 ('185', '93', '85', '7', '0', '1', '2016-07-12 10:15:06', '2016-07-12 10:15:06', '1debbac8-df5b-4277-9d41-f82a2e5abf37'),
 ('186', '93', '85', '8', '0', '2', '2016-07-12 10:15:06', '2016-07-12 10:15:06', '850b1c01-aca4-4f5c-b8fc-bf714f8c4868'),
 ('187', '93', '85', '9', '0', '3', '2016-07-12 10:15:06', '2016-07-12 10:15:06', '1f121eb5-23bc-4823-9e39-f69045bde72c'),
 ('188', '94', '86', '10', '0', '1', '2016-07-12 10:15:06', '2016-07-12 10:15:06', '52bec0f2-c26d-46ee-9c1b-bb6ccf306f39'),
 ('189', '95', '87', '11', '0', '1', '2016-07-12 10:15:06', '2016-07-12 10:15:06', '57076ef6-5037-45c9-8433-5a9085c7ffc1'),
 ('190', '96', '88', '12', '0', '1', '2016-07-12 10:15:06', '2016-07-12 10:15:06', '7c6aa528-ab15-4ee9-878e-378e23d71d06'),
 ('191', '96', '88', '38', '0', '2', '2016-07-12 10:15:06', '2016-07-12 10:15:06', '583e32ee-c074-467a-bc8e-4290d40f1c88'),
 ('192', '97', '89', '13', '0', '1', '2016-07-12 10:15:06', '2016-07-12 10:15:06', 'edeec6c2-b043-494c-9d77-8803b4aa955e'),
 ('193', '97', '89', '14', '0', '2', '2016-07-12 10:15:06', '2016-07-12 10:15:06', 'c9716669-0524-4a93-9d46-252c704c8ab3'),
 ('194', '97', '89', '15', '0', '3', '2016-07-12 10:15:06', '2016-07-12 10:15:06', '8bfbef99-47fb-46a5-8713-4cbbdc9c2112'),
 ('195', '98', '90', '16', '0', '1', '2016-07-12 10:15:07', '2016-07-12 10:15:07', 'ab4f09d8-be44-4e05-adb9-eb039b1fbdeb'),
 ('196', '98', '90', '17', '0', '2', '2016-07-12 10:15:07', '2016-07-12 10:15:07', '26f0eefc-af20-4c5e-b415-33e1f0ba0379'),
 ('197', '98', '90', '18', '0', '3', '2016-07-12 10:15:07', '2016-07-12 10:15:07', 'b2c96759-df07-44c4-be0e-44b05a55ee7b');



DROP TABLE IF EXISTS `craft_fieldlayouts`;


--
-- Schema for table `craft_fieldlayouts`
--
CREATE TABLE `craft_fieldlayouts` (
  `id` int(11) NOT NULL AUTO_INCREMENT,
  `type` varchar(150) COLLATE utf8_unicode_ci NOT NULL,
  `dateCreated` datetime NOT NULL,
  `dateUpdated` datetime NOT NULL,
  `uid` char(36) COLLATE utf8_unicode_ci NOT NULL DEFAULT '0',
  PRIMARY KEY (`id`),
  KEY `craft_fieldlayouts_type_idx` (`type`)
) ENGINE=InnoDB AUTO_INCREMENT=99 DEFAULT CHARSET=utf8 COLLATE=utf8_unicode_ci;

--
-- Data for table `craft_fieldlayouts`
--

INSERT INTO `craft_fieldlayouts` (`id`, `type`, `dateCreated`, `dateUpdated`, `uid`) VALUES
 ('1', 'Tag', '2016-04-05 21:11:55', '2016-04-05 21:11:55', 'c355ae81-a1f6-4b13-b59d-8e9c74e54d52'),
 ('53', 'Entry', '2016-05-10 12:25:43', '2016-05-10 12:25:43', '97a8f516-6353-455f-bcf4-46bc6b86484d'),
 ('56', 'Entry', '2016-05-11 14:31:48', '2016-05-11 14:31:48', 'ae5413dd-3100-4000-b506-0a2c64d00cd6'),
 ('86', 'Entry', '2016-06-16 12:42:24', '2016-06-16 12:42:24', '35b2e958-f40e-41d6-8887-551ca8f021c8'),
 ('88', 'GlobalSet', '2016-07-07 11:49:22', '2016-07-07 11:49:22', '730f4993-a0ef-4a72-adc1-1c6759d308d8'),
 ('90', 'Asset', '2016-07-08 16:35:08', '2016-07-08 16:35:08', 'd7dddfb2-18db-4359-a2e3-54e33cdb2f3a'),
 ('91', 'MatrixBlock', '2016-07-12 10:15:06', '2016-07-12 10:15:06', '316b5806-84f8-4d62-813e-ed890ee7749b'),
 ('92', 'MatrixBlock', '2016-07-12 10:15:06', '2016-07-12 10:15:06', '17115b8b-a104-4deb-9b97-323b07d84506'),
 ('93', 'MatrixBlock', '2016-07-12 10:15:06', '2016-07-12 10:15:06', 'b7dc64f0-1579-4116-9325-596803146a5c'),
 ('94', 'MatrixBlock', '2016-07-12 10:15:06', '2016-07-12 10:15:06', '47d3975f-225b-431f-a335-eaaba9a3e901'),
 ('95', 'MatrixBlock', '2016-07-12 10:15:06', '2016-07-12 10:15:06', 'aaaa194f-ce6f-4ebd-93a5-707722ca8990'),
 ('96', 'MatrixBlock', '2016-07-12 10:15:06', '2016-07-12 10:15:06', 'a3281192-d104-475d-8b9c-c0c55871d11a'),
 ('97', 'MatrixBlock', '2016-07-12 10:15:06', '2016-07-12 10:15:06', 'a072d7c6-4de2-4761-bb01-959659933891'),
 ('98', 'MatrixBlock', '2016-07-12 10:15:07', '2016-07-12 10:15:07', '7341d636-1a1c-4e55-a3f5-d35c11b9e41c');



DROP TABLE IF EXISTS `craft_fieldlayouttabs`;


--
-- Schema for table `craft_fieldlayouttabs`
--
CREATE TABLE `craft_fieldlayouttabs` (
  `id` int(11) NOT NULL AUTO_INCREMENT,
  `layoutId` int(11) NOT NULL,
  `name` varchar(255) COLLATE utf8_unicode_ci NOT NULL,
  `sortOrder` smallint(6) unsigned DEFAULT NULL,
  `dateCreated` datetime NOT NULL,
  `dateUpdated` datetime NOT NULL,
  `uid` char(36) COLLATE utf8_unicode_ci NOT NULL DEFAULT '0',
  PRIMARY KEY (`id`),
  KEY `craft_fieldlayouttabs_sortOrder_idx` (`sortOrder`),
  KEY `craft_fieldlayouttabs_layoutId_fk` (`layoutId`)
) ENGINE=InnoDB AUTO_INCREMENT=91 DEFAULT CHARSET=utf8 COLLATE=utf8_unicode_ci;

--
-- Data for table `craft_fieldlayouttabs`
--

INSERT INTO `craft_fieldlayouttabs` (`id`, `layoutId`, `name`, `sortOrder`, `dateCreated`, `dateUpdated`, `uid`) VALUES
 ('48', '53', 'Content', '1', '2016-05-10 12:25:43', '2016-05-10 12:25:43', 'bd94738f-7aee-403b-bcc4-a646cf24c37b'),
 ('51', '56', 'Content', '1', '2016-05-11 14:31:48', '2016-05-11 14:31:48', 'e873acc7-57e1-4465-b3d0-d5f5efc4c20a'),
 ('81', '86', 'Information', '1', '2016-06-16 12:42:24', '2016-06-16 12:42:24', '3a5af2d6-4dec-4bf6-8034-2768672bc791'),
 ('82', '88', 'Content', '1', '2016-07-07 11:49:22', '2016-07-07 11:49:22', 'ceff9377-9c33-4b49-bfd7-cb50d8ac4f0b'),
 ('83', '91', 'Content', '1', '2016-07-12 10:15:06', '2016-07-12 10:15:06', 'b42e1469-da3b-44a3-aaf8-2cb0381b7c5d'),
 ('84', '92', 'Content', '1', '2016-07-12 10:15:06', '2016-07-12 10:15:06', '591f11f6-d295-4001-a6e1-0d01017ec5a1'),
 ('85', '93', 'Content', '1', '2016-07-12 10:15:06', '2016-07-12 10:15:06', '24c24470-7f4c-4e70-93ba-3988344bd2aa'),
 ('86', '94', 'Content', '1', '2016-07-12 10:15:06', '2016-07-12 10:15:06', 'fa58dfe5-3fb2-4e66-b1b8-febebf2d61c9'),
 ('87', '95', 'Content', '1', '2016-07-12 10:15:06', '2016-07-12 10:15:06', '4b86bd28-87ac-4240-89b7-0a7a6031770b'),
 ('88', '96', 'Content', '1', '2016-07-12 10:15:06', '2016-07-12 10:15:06', '4558f625-cc11-4005-b0d8-094454caa04c'),
 ('89', '97', 'Content', '1', '2016-07-12 10:15:06', '2016-07-12 10:15:06', '7309e533-0e58-45b7-9889-25014572fab6'),
 ('90', '98', 'Content', '1', '2016-07-12 10:15:07', '2016-07-12 10:15:07', '97f11ee6-f06e-4add-863c-264a406297b3');



DROP TABLE IF EXISTS `craft_fields`;


--
-- Schema for table `craft_fields`
--
CREATE TABLE `craft_fields` (
  `id` int(11) NOT NULL AUTO_INCREMENT,
  `groupId` int(11) DEFAULT NULL,
  `name` varchar(255) COLLATE utf8_unicode_ci NOT NULL,
  `handle` varchar(58) COLLATE utf8_unicode_ci NOT NULL,
  `context` varchar(255) COLLATE utf8_unicode_ci NOT NULL DEFAULT 'global',
  `instructions` text COLLATE utf8_unicode_ci,
  `translatable` tinyint(1) unsigned NOT NULL DEFAULT '0',
  `type` varchar(150) COLLATE utf8_unicode_ci NOT NULL,
  `settings` text COLLATE utf8_unicode_ci,
  `dateCreated` datetime NOT NULL,
  `dateUpdated` datetime NOT NULL,
  `uid` char(36) COLLATE utf8_unicode_ci NOT NULL DEFAULT '0',
  PRIMARY KEY (`id`),
  UNIQUE KEY `craft_fields_handle_context_unq_idx` (`handle`,`context`),
  KEY `craft_fields_context_idx` (`context`),
  KEY `craft_fields_groupId_fk` (`groupId`)
) ENGINE=InnoDB AUTO_INCREMENT=46 DEFAULT CHARSET=utf8 COLLATE=utf8_unicode_ci;

--
-- Data for table `craft_fields`
--

INSERT INTO `craft_fields` (`id`, `groupId`, `name`, `handle`, `context`, `instructions`, `translatable`, `type`, `settings`, `dateCreated`, `dateUpdated`, `uid`) VALUES
 ('1', '1', 'Body', 'body', 'global', NULL, '1', 'RichText', '{\"configFile\":\"Standard.json\",\"columnType\":\"text\"}', '2016-04-05 21:11:55', '2016-04-05 21:11:55', 'a3d93cd7-8da2-4d89-a284-130bdc20d70c'),
 ('2', '1', 'Tags', 'tags', 'global', NULL, '0', 'Tags', '{\"source\":\"taggroup:1\"}', '2016-04-05 21:11:55', '2016-04-05 21:11:55', '67bd507f-519e-467c-b61f-ef85aea75211'),
 ('3', '2', 'Featured Projects', 'featured', 'global', '', '0', 'Entries', '{\"sources\":\"*\",\"limit\":\"8\",\"selectionLabel\":\"\"}', '2016-04-22 10:34:30', '2016-06-09 13:21:26', 'b06811ce-d1c9-4eb0-a14c-a61e61c9e673'),
 ('4', '3', 'Content', 'contentBlocks', 'global', '', '0', 'Matrix', '{\"maxBlocks\":null}', '2016-04-22 11:37:48', '2016-07-12 10:15:05', 'b5d9c0a4-682c-4f57-8585-f7b64d413e27'),
 ('5', NULL, 'Copy', 'copy', 'matrixBlockType:1', '', '0', 'RichText', '{\"configFile\":\"\",\"availableAssetSources\":\"*\",\"availableTransforms\":\"*\",\"cleanupHtml\":\"1\",\"purifyHtml\":\"\",\"columnType\":\"text\"}', '2016-04-22 11:37:48', '2016-07-12 10:15:06', 'af70a330-ed98-4841-afc3-9d8eadd31e31'),
 ('6', NULL, 'Position', 'position', 'matrixBlockType:1', '', '0', 'Dropdown', '{\"options\":[{\"label\":\"Left\",\"value\":\"left\",\"default\":\"\"},{\"label\":\"Right\",\"value\":\"right\",\"default\":\"\"},{\"label\":\"Center\",\"value\":\"center\",\"default\":\"\"}]}', '2016-04-22 11:37:48', '2016-07-12 10:15:06', 'a4179731-b276-4c8c-861c-0bd69d1ed53e'),
 ('7', NULL, 'Image', 'image', 'matrixBlockType:2', '', '0', 'Assets', '{\"useSingleFolder\":\"\",\"sources\":[\"folder:1\"],\"defaultUploadLocationSource\":\"1\",\"defaultUploadLocationSubpath\":\"\",\"singleUploadLocationSource\":\"1\",\"singleUploadLocationSubpath\":\"\",\"restrictFiles\":\"\",\"limit\":\"1\",\"viewMode\":\"list\",\"selectionLabel\":\"\"}', '2016-04-22 11:37:48', '2016-07-12 10:15:06', '835793d1-004d-4137-8942-82d646e11a12'),
 ('8', NULL, 'Size', 'size', 'matrixBlockType:2', '', '0', 'Dropdown', '{\"options\":[{\"label\":\"Auto Height\",\"value\":\"autoHeight\",\"default\":\"\"},{\"label\":\"Full Width\",\"value\":\"12\",\"default\":\"\"},{\"label\":\"Half Width\",\"value\":\"6\",\"default\":\"\"},{\"label\":\"Third Width\",\"value\":\"4\",\"default\":\"\"}]}', '2016-04-22 11:37:48', '2016-07-12 10:15:06', 'b1356721-9261-46e0-a575-a1c2b0aac73c'),
 ('9', NULL, 'Position', 'position', 'matrixBlockType:2', '', '0', 'Dropdown', '{\"options\":[{\"label\":\"Left\",\"value\":\"left\",\"default\":\"\"},{\"label\":\"Right\",\"value\":\"right\",\"default\":\"\"},{\"label\":\"Center\",\"value\":\"center\",\"default\":\"\"}]}', '2016-04-22 11:37:48', '2016-07-12 10:15:06', 'da0be061-39ea-4c8f-b6ca-40877bda1bcc'),
 ('10', NULL, 'Images', 'images', 'matrixBlockType:3', '', '0', 'Assets', '{\"useSingleFolder\":\"\",\"sources\":[\"folder:1\"],\"defaultUploadLocationSource\":\"1\",\"defaultUploadLocationSubpath\":\"\",\"singleUploadLocationSource\":\"1\",\"singleUploadLocationSubpath\":\"\",\"restrictFiles\":\"\",\"limit\":\"2\",\"viewMode\":\"list\",\"selectionLabel\":\"\"}', '2016-04-22 11:39:33', '2016-07-12 10:15:06', 'b91ef209-627a-4be3-9734-f28fda0d532e'),
 ('11', NULL, 'Images', 'images', 'matrixBlockType:4', '', '0', 'Assets', '{\"useSingleFolder\":\"\",\"sources\":[\"folder:1\"],\"defaultUploadLocationSource\":\"1\",\"defaultUploadLocationSubpath\":\"\",\"singleUploadLocationSource\":\"1\",\"singleUploadLocationSubpath\":\"\",\"restrictFiles\":\"\",\"limit\":\"3\",\"viewMode\":\"list\",\"selectionLabel\":\"\"}', '2016-04-22 11:41:30', '2016-07-12 10:15:06', 'a9a35568-4c47-4bb2-8381-ed9a2184be7b'),
 ('12', NULL, 'Video URL', 'videoUrl', 'matrixBlockType:5', 'Youtube or Vimeo Link', '0', 'PlainText', '{\"placeholder\":\"\",\"maxLength\":\"\",\"multiline\":\"\",\"initialRows\":\"4\"}', '2016-04-22 11:41:30', '2016-07-12 10:15:06', 'f13248bc-373b-4d53-8c19-4be31656f16d'),
 ('13', NULL, 'Copy', 'copy', 'matrixBlockType:6', '', '0', 'RichText', '{\"configFile\":\"\",\"availableAssetSources\":\"*\",\"availableTransforms\":\"*\",\"cleanupHtml\":\"1\",\"purifyHtml\":\"\",\"columnType\":\"text\"}', '2016-04-22 11:48:16', '2016-07-12 10:15:06', 'af2ffa46-4a1a-4308-830d-6222fc8ae979'),
 ('14', NULL, 'Image', 'image', 'matrixBlockType:6', '', '0', 'Assets', '{\"useSingleFolder\":\"\",\"sources\":[\"folder:1\"],\"defaultUploadLocationSource\":\"1\",\"defaultUploadLocationSubpath\":\"\",\"singleUploadLocationSource\":\"1\",\"singleUploadLocationSubpath\":\"\",\"restrictFiles\":\"\",\"limit\":\"1\",\"viewMode\":\"list\",\"selectionLabel\":\"\"}', '2016-04-22 11:48:16', '2016-07-12 10:15:06', '6dd69748-ad28-4a9a-b671-4472e6dc6684'),
 ('15', NULL, 'Position', 'position', 'matrixBlockType:6', '', '0', 'Dropdown', '{\"options\":[{\"label\":\"Text Left, Image Right\",\"value\":\"textLeftImageRight\",\"default\":\"\"},{\"label\":\"Text Right, Image Left\",\"value\":\"textRightImageLeft\",\"default\":\"\"}]}', '2016-04-22 11:48:16', '2016-07-12 10:15:06', 'c047b9ab-d16b-4be0-9beb-a64a6b6f23e9'),
 ('16', NULL, 'Large Image', 'largeImage', 'matrixBlockType:7', '', '0', 'Assets', '{\"useSingleFolder\":\"\",\"sources\":[\"folder:1\"],\"defaultUploadLocationSource\":\"1\",\"defaultUploadLocationSubpath\":\"\",\"singleUploadLocationSource\":\"1\",\"singleUploadLocationSubpath\":\"\",\"restrictFiles\":\"\",\"limit\":\"1\",\"viewMode\":\"list\",\"selectionLabel\":\"\"}', '2016-04-22 11:48:16', '2016-07-12 10:15:07', 'fdf7fd46-98fd-485c-8d0a-1e844cf2ff95'),
 ('17', NULL, 'Small Images', 'smallImages', 'matrixBlockType:7', '', '0', 'Assets', '{\"useSingleFolder\":\"\",\"sources\":[\"folder:1\"],\"defaultUploadLocationSource\":\"1\",\"defaultUploadLocationSubpath\":\"\",\"singleUploadLocationSource\":\"1\",\"singleUploadLocationSubpath\":\"\",\"restrictFiles\":\"\",\"limit\":\"2\",\"viewMode\":\"list\",\"selectionLabel\":\"\"}', '2016-04-22 11:48:16', '2016-07-12 10:15:07', '0cf195db-105d-47b9-b82f-4a159d66e896'),
 ('18', NULL, 'Position', 'position', 'matrixBlockType:7', '', '0', 'Dropdown', '{\"options\":[{\"label\":\"Large Image Left, Small Images Right\",\"value\":\"largeImageLeft\",\"default\":\"\"},{\"label\":\"Large Image Right, Small Images Left\",\"value\":\"largeImageRight\",\"default\":\"\"}]}', '2016-04-22 11:48:16', '2016-07-12 10:15:07', 'c5951bd3-3616-460b-905b-2c6100ad58c7'),
 ('33', '2', 'Logo', 'logo', 'global', '', '0', 'Assets', '{\"useSingleFolder\":\"\",\"sources\":\"*\",\"defaultUploadLocationSource\":\"1\",\"defaultUploadLocationSubpath\":\"\",\"singleUploadLocationSource\":\"1\",\"singleUploadLocationSubpath\":\"\",\"restrictFiles\":\"\",\"limit\":\"1\",\"viewMode\":\"list\",\"selectionLabel\":\"\"}', '2016-05-10 12:25:27', '2016-05-10 12:25:27', '8d0c3891-ae1b-4283-9bda-30f57ccc3659'),
 ('34', '3', 'Client', 'client', 'global', '', '0', 'PlainText', '{\"placeholder\":\"\",\"maxLength\":\"\",\"multiline\":\"\",\"initialRows\":\"4\"}', '2016-05-11 11:28:11', '2016-05-11 11:28:11', 'f01921e0-c02b-4c06-9108-73a6d2f416f0'),
 ('35', '3', 'Year', 'year', 'global', '', '0', 'PlainText', '{\"placeholder\":\"\",\"maxLength\":\"\",\"multiline\":\"\",\"initialRows\":\"4\"}', '2016-05-11 11:28:36', '2016-05-11 11:28:36', '98cc641d-5afc-46ce-b2b2-ad2d10e1f73e'),
 ('36', '3', 'Thumbnail Height', 'thumbnailHeight', 'global', '', '0', 'Dropdown', '{\"options\":[{\"label\":\"Full\",\"value\":\"full\",\"default\":\"\"},{\"label\":\"Half\",\"value\":\"half\",\"default\":\"\"}]}', '2016-05-11 14:26:09', '2016-05-11 14:26:09', 'b6462c1c-f196-433a-aab3-d96c725e04cb'),
 ('37', '3', 'Thumbnail', 'thumbnail', 'global', '', '0', 'Assets', '{\"useSingleFolder\":\"\",\"sources\":\"*\",\"defaultUploadLocationSource\":\"1\",\"defaultUploadLocationSubpath\":\"\",\"singleUploadLocationSource\":\"1\",\"singleUploadLocationSubpath\":\"\",\"restrictFiles\":\"\",\"limit\":\"1\",\"viewMode\":\"large\",\"selectionLabel\":\"\"}', '2016-05-11 14:29:52', '2016-05-11 14:29:52', 'a01fffbc-4075-4024-9979-d22844d07706'),
 ('38', NULL, 'Thumbnail', 'thumbnail', 'matrixBlockType:5', '', '0', 'Assets', '{\"useSingleFolder\":\"\",\"sources\":\"*\",\"defaultUploadLocationSource\":\"1\",\"defaultUploadLocationSubpath\":\"\",\"singleUploadLocationSource\":\"1\",\"singleUploadLocationSubpath\":\"\",\"restrictFiles\":\"\",\"limit\":\"1\",\"viewMode\":\"list\",\"selectionLabel\":\"\"}', '2016-05-26 15:38:22', '2016-07-12 10:15:06', '6c870824-f96a-42c2-9bea-6c959234b8d5'),
 ('39', '4', 'About Text', 'aboutText', 'global', '', '0', 'RichText', '{\"configFile\":\"\",\"availableAssetSources\":\"*\",\"availableTransforms\":\"*\",\"cleanupHtml\":\"1\",\"purifyHtml\":\"1\",\"columnType\":\"text\"}', '2016-06-16 12:40:04', '2016-06-16 12:40:04', 'a3114b2c-3e05-4fd3-afba-3a3e3d036356'),
 ('40', '4', 'PDF Link Text', 'pdfLinkText', 'global', '', '0', 'PlainText', '{\"placeholder\":\"\",\"maxLength\":\"\",\"multiline\":\"\",\"initialRows\":\"4\"}', '2016-06-16 12:41:57', '2016-06-16 12:41:57', 'd057a4ab-37fb-4e40-85a7-d95b59b99576'),
 ('41', '4', 'PDF File', 'pdfFile', 'global', '', '0', 'Assets', '{\"useSingleFolder\":\"\",\"sources\":\"*\",\"defaultUploadLocationSource\":\"1\",\"defaultUploadLocationSubpath\":\"\",\"singleUploadLocationSource\":\"1\",\"singleUploadLocationSubpath\":\"\",\"restrictFiles\":\"\",\"limit\":\"1\",\"viewMode\":\"list\",\"selectionLabel\":\"\"}', '2016-06-16 12:42:09', '2016-06-16 12:42:09', '722a950b-073f-4f11-8e9d-d1b3144d3247'),
 ('42', '5', 'Facebook', 'facebook', 'global', '', '0', 'PlainText', '{\"placeholder\":\"\",\"maxLength\":\"\",\"multiline\":\"\",\"initialRows\":\"4\"}', '2016-07-07 11:48:46', '2016-07-07 11:48:46', '01ec8eed-f469-408a-9d55-b498ac87f3c7'),
 ('43', '5', 'Twitter', 'twitter', 'global', '', '0', 'PlainText', '{\"placeholder\":\"\",\"maxLength\":\"\",\"multiline\":\"\",\"initialRows\":\"4\"}', '2016-07-07 11:48:52', '2016-07-07 11:48:52', 'f40adc91-8d88-4517-bbe1-ba2b0599c9e2'),
 ('44', '5', 'Instagram', 'instagram', 'global', '', '0', 'PlainText', '{\"placeholder\":\"\",\"maxLength\":\"\",\"multiline\":\"\",\"initialRows\":\"4\"}', '2016-07-07 11:48:57', '2016-07-07 11:48:57', '95a5932c-d815-46d4-83d8-4115af36f8a5'),
 ('45', NULL, 'Text', 'text', 'matrixBlockType:8', '', '0', 'PlainText', '{\"placeholder\":\"\",\"maxLength\":\"\",\"multiline\":\"\",\"initialRows\":\"4\"}', '2016-07-12 10:15:06', '2016-07-12 10:15:06', '8e3bd29c-aaeb-4590-9147-849ac664373f');



DROP TABLE IF EXISTS `craft_globalsets`;


--
-- Schema for table `craft_globalsets`
--
CREATE TABLE `craft_globalsets` (
  `id` int(11) NOT NULL,
  `name` varchar(255) COLLATE utf8_unicode_ci NOT NULL,
  `handle` varchar(255) COLLATE utf8_unicode_ci NOT NULL,
  `fieldLayoutId` int(10) DEFAULT NULL,
  `dateCreated` datetime NOT NULL,
  `dateUpdated` datetime NOT NULL,
  `uid` char(36) COLLATE utf8_unicode_ci NOT NULL DEFAULT '0',
  PRIMARY KEY (`id`),
  UNIQUE KEY `craft_globalsets_name_unq_idx` (`name`),
  UNIQUE KEY `craft_globalsets_handle_unq_idx` (`handle`),
  KEY `craft_globalsets_fieldLayoutId_fk` (`fieldLayoutId`)
) ENGINE=InnoDB DEFAULT CHARSET=utf8 COLLATE=utf8_unicode_ci;

--
-- Data for table `craft_globalsets`
--

INSERT INTO `craft_globalsets` (`id`, `name`, `handle`, `fieldLayoutId`, `dateCreated`, `dateUpdated`, `uid`) VALUES
 ('53', 'Social Links', 'socialLinks', '88', '2016-07-07 11:47:18', '2016-07-07 11:49:22', '8f4cff7b-c0b8-462c-9e13-6cc8fce48117');



DROP TABLE IF EXISTS `craft_info`;


--
-- Schema for table `craft_info`
--
CREATE TABLE `craft_info` (
  `id` int(11) NOT NULL AUTO_INCREMENT,
  `version` varchar(15) COLLATE utf8_unicode_ci NOT NULL,
  `build` int(11) unsigned NOT NULL,
  `schemaVersion` varchar(15) COLLATE utf8_unicode_ci NOT NULL,
  `releaseDate` datetime NOT NULL,
  `edition` tinyint(1) unsigned NOT NULL DEFAULT '0',
  `siteName` varchar(100) COLLATE utf8_unicode_ci NOT NULL,
  `siteUrl` varchar(255) COLLATE utf8_unicode_ci NOT NULL,
  `timezone` varchar(30) COLLATE utf8_unicode_ci DEFAULT NULL,
  `on` tinyint(1) unsigned NOT NULL DEFAULT '0',
  `maintenance` tinyint(1) unsigned NOT NULL DEFAULT '0',
  `track` varchar(40) COLLATE utf8_unicode_ci NOT NULL,
  `dateCreated` datetime NOT NULL,
  `dateUpdated` datetime NOT NULL,
  `uid` char(36) COLLATE utf8_unicode_ci NOT NULL DEFAULT '0',
  PRIMARY KEY (`id`)
) ENGINE=InnoDB AUTO_INCREMENT=2 DEFAULT CHARSET=utf8 COLLATE=utf8_unicode_ci;

--
-- Data for table `craft_info`
--

INSERT INTO `craft_info` (`id`, `version`, `build`, `schemaVersion`, `releaseDate`, `edition`, `siteName`, `siteUrl`, `timezone`, `on`, `maintenance`, `track`, `dateCreated`, `dateUpdated`, `uid`) VALUES
 ('1', '2.6', '2794', '2.6.5', '2016-06-29 20:59:02', '0', 'Superimpose Studio', 'http://superimpose-simonsweeney.c9users.io/', 'UTC', '1', '1', 'stable', '2016-04-05 21:11:54', '2016-07-12 10:17:49', '5db17ca4-2bbf-45fe-97c3-990ab461e136');



DROP TABLE IF EXISTS `craft_locales`;


--
-- Schema for table `craft_locales`
--
CREATE TABLE `craft_locales` (
  `locale` char(12) COLLATE utf8_unicode_ci NOT NULL,
  `sortOrder` smallint(6) unsigned DEFAULT NULL,
  `dateCreated` datetime NOT NULL,
  `dateUpdated` datetime NOT NULL,
  `uid` char(36) COLLATE utf8_unicode_ci NOT NULL DEFAULT '0',
  PRIMARY KEY (`locale`),
  KEY `craft_locales_sortOrder_idx` (`sortOrder`)
) ENGINE=InnoDB DEFAULT CHARSET=utf8 COLLATE=utf8_unicode_ci;

--
-- Data for table `craft_locales`
--

INSERT INTO `craft_locales` (`locale`, `sortOrder`, `dateCreated`, `dateUpdated`, `uid`) VALUES
 ('en_us', '1', '2016-04-05 21:11:54', '2016-04-05 21:11:54', 'fd91adf2-ff6b-4339-9202-b8264da43755');



DROP TABLE IF EXISTS `craft_matrixblocks`;


--
-- Schema for table `craft_matrixblocks`
--
CREATE TABLE `craft_matrixblocks` (
  `id` int(11) NOT NULL,
  `ownerId` int(11) NOT NULL,
  `fieldId` int(11) NOT NULL,
  `typeId` int(11) DEFAULT NULL,
  `sortOrder` smallint(6) unsigned DEFAULT NULL,
  `ownerLocale` char(12) COLLATE utf8_unicode_ci DEFAULT NULL,
  `dateCreated` datetime NOT NULL,
  `dateUpdated` datetime NOT NULL,
  `uid` char(36) COLLATE utf8_unicode_ci NOT NULL DEFAULT '0',
  PRIMARY KEY (`id`),
  KEY `craft_matrixblocks_ownerId_idx` (`ownerId`),
  KEY `craft_matrixblocks_fieldId_idx` (`fieldId`),
  KEY `craft_matrixblocks_typeId_idx` (`typeId`),
  KEY `craft_matrixblocks_sortOrder_idx` (`sortOrder`),
  KEY `craft_matrixblocks_ownerLocale_fk` (`ownerLocale`)
) ENGINE=InnoDB DEFAULT CHARSET=utf8 COLLATE=utf8_unicode_ci;

--
-- Data for table `craft_matrixblocks`
--

INSERT INTO `craft_matrixblocks` (`id`, `ownerId`, `fieldId`, `typeId`, `sortOrder`, `ownerLocale`, `dateCreated`, `dateUpdated`, `uid`) VALUES
 ('8', '3', '4', '1', '3', NULL, '2016-04-22 13:18:48', '2016-07-12 10:17:05', '1a2a9a30-8021-423a-9b90-a38c294092dd'),
 ('12', '3', '4', '2', '2', NULL, '2016-04-22 13:25:27', '2016-07-12 10:17:05', '222c353c-905a-4041-a5b1-fa9cb7240ca5'),
 ('13', '3', '4', '3', '4', NULL, '2016-04-22 13:25:27', '2016-07-12 10:17:05', '3b2b640f-a166-4734-8dd8-f25f94846b29'),
 ('14', '3', '4', '2', '5', NULL, '2016-04-22 13:25:27', '2016-07-12 10:17:05', 'db10b862-f3d1-4f69-85bf-273d214d085c'),
 ('20', '3', '4', '4', '6', NULL, '2016-04-22 13:28:53', '2016-07-12 10:17:05', 'ed3dc450-adf4-4552-ad4b-27cda870e3df'),
 ('24', '3', '4', '6', '8', NULL, '2016-04-22 13:31:23', '2016-07-12 10:17:05', '4a5148d7-2305-43e4-bb92-600aab3cf867'),
 ('25', '3', '4', '7', '9', NULL, '2016-04-22 13:31:23', '2016-07-12 10:17:05', '3cca4d46-4893-4707-8289-b4856ca9bfc1'),
 ('42', '41', '4', '2', '1', NULL, '2016-04-28 16:26:08', '2016-06-07 21:48:19', 'ce52c196-1310-49c2-ba32-f62c9de1d23d'),
 ('45', '44', '4', '2', '1', NULL, '2016-04-29 15:00:15', '2016-06-07 21:48:14', '390c867d-d008-4bea-b95e-05e89984bcc8'),
 ('47', '46', '4', '2', '1', NULL, '2016-04-29 15:02:59', '2016-06-07 21:48:11', '97258828-5e70-4f12-8594-2fe124441ff5'),
 ('49', '48', '4', '2', '1', NULL, '2016-04-29 15:11:56', '2016-06-09 13:29:42', 'b770f41c-0133-43ab-b617-61dabc0b1505'),
 ('52', '3', '4', '5', '10', NULL, '2016-05-26 15:43:47', '2016-07-12 10:17:05', '79894ccf-05e7-4c7e-8df7-ffaaa937fbb2'),
 ('54', '3', '4', '8', '1', NULL, '2016-07-12 10:17:05', '2016-07-12 10:17:05', 'b8811f52-8643-459b-ac9f-ab9cdbd1d96d'),
 ('55', '3', '4', '8', '7', NULL, '2016-07-12 10:17:05', '2016-07-12 10:17:05', 'c938e0e6-0c7d-45a2-a55d-addcddced162');



DROP TABLE IF EXISTS `craft_matrixblocktypes`;


--
-- Schema for table `craft_matrixblocktypes`
--
CREATE TABLE `craft_matrixblocktypes` (
  `id` int(11) NOT NULL AUTO_INCREMENT,
  `fieldId` int(11) NOT NULL,
  `fieldLayoutId` int(11) DEFAULT NULL,
  `name` varchar(255) COLLATE utf8_unicode_ci NOT NULL,
  `handle` varchar(255) COLLATE utf8_unicode_ci NOT NULL,
  `sortOrder` smallint(6) unsigned DEFAULT NULL,
  `dateCreated` datetime NOT NULL,
  `dateUpdated` datetime NOT NULL,
  `uid` char(36) COLLATE utf8_unicode_ci NOT NULL DEFAULT '0',
  PRIMARY KEY (`id`),
  UNIQUE KEY `craft_matrixblocktypes_name_fieldId_unq_idx` (`name`,`fieldId`),
  UNIQUE KEY `craft_matrixblocktypes_handle_fieldId_unq_idx` (`handle`,`fieldId`),
  KEY `craft_matrixblocktypes_fieldId_fk` (`fieldId`),
  KEY `craft_matrixblocktypes_fieldLayoutId_fk` (`fieldLayoutId`)
) ENGINE=InnoDB AUTO_INCREMENT=9 DEFAULT CHARSET=utf8 COLLATE=utf8_unicode_ci;

--
-- Data for table `craft_matrixblocktypes`
--

INSERT INTO `craft_matrixblocktypes` (`id`, `fieldId`, `fieldLayoutId`, `name`, `handle`, `sortOrder`, `dateCreated`, `dateUpdated`, `uid`) VALUES
 ('1', '4', '92', 'Text', 'text', '2', '2016-04-22 11:37:48', '2016-07-12 10:15:06', 'a0c92de7-3cdc-451c-8e37-692fb213828a'),
 ('2', '4', '93', 'Image', 'image', '3', '2016-04-22 11:37:48', '2016-07-12 10:15:06', '629a47d0-3882-4086-af8e-029d525d15d1'),
 ('3', '4', '94', 'Two Images', 'twoImages', '4', '2016-04-22 11:39:33', '2016-07-12 10:15:06', 'b109ad6c-3fa2-4d83-8d46-53746685088d'),
 ('4', '4', '95', 'Three Images', 'threeImages', '5', '2016-04-22 11:41:30', '2016-07-12 10:15:06', 'a71b7211-d6a5-490f-92dc-dfb46a871d98'),
 ('5', '4', '96', 'Video', 'video', '6', '2016-04-22 11:41:30', '2016-07-12 10:15:06', '99072d3d-e31f-45e8-92cc-1c002721725f'),
 ('6', '4', '97', 'Image + Text', 'imageText', '7', '2016-04-22 11:48:16', '2016-07-12 10:15:06', 'b3560a22-b8b9-40b8-8495-dad95ece00a7'),
 ('7', '4', '98', 'Two Images + One Image', 'twoImagesOneImage', '8', '2016-04-22 11:48:16', '2016-07-12 10:15:07', '63b8ec13-0834-42f4-be9e-a84cfc0217b9'),
 ('8', '4', '91', 'Heading', 'heading', '1', '2016-07-12 10:15:05', '2016-07-12 10:15:06', '983c376e-9f44-420e-b6f5-039b2e616843');



DROP TABLE IF EXISTS `craft_matrixcontent_contentblocks`;


--
-- Schema for table `craft_matrixcontent_contentblocks`
--
CREATE TABLE `craft_matrixcontent_contentblocks` (
  `id` int(11) NOT NULL AUTO_INCREMENT,
  `elementId` int(11) NOT NULL,
  `locale` char(12) COLLATE utf8_unicode_ci NOT NULL,
  `field_text_copy` text COLLATE utf8_unicode_ci,
  `field_text_position` varchar(255) COLLATE utf8_unicode_ci DEFAULT NULL,
  `field_image_size` varchar(255) COLLATE utf8_unicode_ci DEFAULT NULL,
  `field_image_position` varchar(255) COLLATE utf8_unicode_ci DEFAULT NULL,
  `field_video_videoUrl` text COLLATE utf8_unicode_ci,
  `field_imageText_copy` text COLLATE utf8_unicode_ci,
  `field_imageText_position` varchar(255) COLLATE utf8_unicode_ci DEFAULT NULL,
  `field_twoImagesOneImage_position` varchar(255) COLLATE utf8_unicode_ci DEFAULT NULL,
  `field_heading_text` text COLLATE utf8_unicode_ci,
  `dateCreated` datetime NOT NULL,
  `dateUpdated` datetime NOT NULL,
  `uid` char(36) COLLATE utf8_unicode_ci NOT NULL DEFAULT '0',
  PRIMARY KEY (`id`),
  UNIQUE KEY `craft_matrixcontent_contentblocks_elementId_locale_unq_idx` (`elementId`,`locale`),
  KEY `craft_matrixcontent_contentblocks_locale_fk` (`locale`)
) ENGINE=InnoDB AUTO_INCREMENT=15 DEFAULT CHARSET=utf8 COLLATE=utf8_unicode_ci;

--
-- Data for table `craft_matrixcontent_contentblocks`
--

INSERT INTO `craft_matrixcontent_contentblocks` (`id`, `elementId`, `locale`, `field_text_copy`, `field_text_position`, `field_image_size`, `field_image_position`, `field_video_videoUrl`, `field_imageText_copy`, `field_imageText_position`, `field_twoImagesOneImage_position`, `field_heading_text`, `dateCreated`, `dateUpdated`, `uid`) VALUES
 ('1', '8', 'en_us', '<p>As a development for adidas’ Tubular range Superimpose was briefed by adidas Originals UK to create a lookbook to launch the premium Primeknit Tubular X.</p>\r\n\r\n<p>With a focus on the styling Superimpose set out to make the collection appeal to a wider audience set.</p>', 'left', NULL, NULL, NULL, NULL, NULL, NULL, NULL, '2016-04-22 13:18:48', '2016-07-12 10:17:05', 'bcbed5a3-7cb2-4e7f-91af-18ba4214f4e7'),
 ('2', '12', 'en_us', NULL, NULL, 'autoHeight', 'right', NULL, NULL, NULL, NULL, NULL, '2016-04-22 13:25:27', '2016-07-12 10:17:05', '87ee4e16-20de-460a-bbaf-f177185fa343'),
 ('3', '13', 'en_us', NULL, NULL, NULL, NULL, NULL, NULL, NULL, NULL, NULL, '2016-04-22 13:25:27', '2016-07-12 10:17:05', '49728f18-1630-47ad-a0dd-dbd08e3f1192'),
 ('4', '14', 'en_us', NULL, NULL, 'autoHeight', 'left', NULL, NULL, NULL, NULL, NULL, '2016-04-22 13:25:27', '2016-07-12 10:17:05', '8781f94f-de31-40e5-8c71-d1bc4a135638'),
 ('5', '20', 'en_us', NULL, NULL, NULL, NULL, NULL, NULL, NULL, NULL, NULL, '2016-04-22 13:28:53', '2016-07-12 10:17:05', '0f9ad39a-1e96-4cbc-a5d9-68a1f522807e'),
 ('6', '24', 'en_us', NULL, NULL, NULL, NULL, NULL, '<p>As a development for adidas’ Tubular range Superimpose was briefed by adidas Originals UK to create a lookbook to launch the premium Primeknit Tubular X.</p>\r\n\r\n<p>With a focus on the styling Superimpose set out to make the collection appeal to a wider audience set.</p>', 'textRightImageLeft', NULL, NULL, '2016-04-22 13:31:23', '2016-07-12 10:17:05', '22b6da99-d392-40a6-87f5-e18fdd7cd84e'),
 ('7', '25', 'en_us', NULL, NULL, NULL, NULL, NULL, NULL, NULL, 'largeImageLeft', NULL, '2016-04-22 13:31:23', '2016-07-12 10:17:05', 'f2ba9de9-fb9d-4947-b9d3-b8fa8e1186c6'),
 ('8', '42', 'en_us', NULL, NULL, 'autoHeight', 'left', NULL, NULL, NULL, NULL, NULL, '2016-04-28 16:26:08', '2016-06-07 21:48:19', '219175cf-e89f-49d5-9dc1-131b4139b0fe'),
 ('9', '45', 'en_us', NULL, NULL, 'autoHeight', 'left', NULL, NULL, NULL, NULL, NULL, '2016-04-29 15:00:15', '2016-06-07 21:48:14', '1c65504c-366b-44e2-93d6-045c8ae76d02'),
 ('10', '47', 'en_us', NULL, NULL, 'autoHeight', 'center', NULL, NULL, NULL, NULL, NULL, '2016-04-29 15:02:59', '2016-06-07 21:48:11', '716fe2d8-6a59-44f5-ad53-5d2e88f009ac'),
 ('11', '49', 'en_us', NULL, NULL, 'autoHeight', 'center', NULL, NULL, NULL, NULL, NULL, '2016-04-29 15:11:56', '2016-06-09 13:29:42', '586c7a02-9135-4c72-b985-4dbdcdec9dae'),
 ('12', '52', 'en_us', NULL, NULL, NULL, NULL, 'https://www.youtube.com/watch?v=TltXDGAIUjw', NULL, NULL, NULL, NULL, '2016-05-26 15:43:47', '2016-07-12 10:17:05', '57290d9e-5dba-4c8c-ac76-458ca84cf0b3'),
 ('13', '54', 'en_us', NULL, NULL, NULL, NULL, NULL, NULL, NULL, NULL, 'S/S 15', '2016-07-12 10:17:05', '2016-07-12 10:17:05', '8840abb9-d791-4480-ba1f-bcd07fa088a4'),
 ('14', '55', 'en_us', NULL, NULL, NULL, NULL, NULL, NULL, NULL, NULL, 'With a focus on the styling Superimpose set out to make the collection appeal to a wider audience set', '2016-07-12 10:17:05', '2016-07-12 10:17:05', 'd8f4b915-c935-43d0-8366-669540159000');



DROP TABLE IF EXISTS `craft_migrations`;


--
-- Schema for table `craft_migrations`
--
CREATE TABLE `craft_migrations` (
  `id` int(11) NOT NULL AUTO_INCREMENT,
  `pluginId` int(11) DEFAULT NULL,
  `version` varchar(255) COLLATE utf8_unicode_ci NOT NULL,
  `applyTime` datetime NOT NULL,
  `dateCreated` datetime NOT NULL,
  `dateUpdated` datetime NOT NULL,
  `uid` char(36) COLLATE utf8_unicode_ci NOT NULL DEFAULT '0',
  PRIMARY KEY (`id`),
  UNIQUE KEY `craft_migrations_version_unq_idx` (`version`),
  KEY `craft_migrations_pluginId_fk` (`pluginId`)
) ENGINE=InnoDB AUTO_INCREMENT=34 DEFAULT CHARSET=utf8 COLLATE=utf8_unicode_ci;

--
-- Data for table `craft_migrations`
--

INSERT INTO `craft_migrations` (`id`, `pluginId`, `version`, `applyTime`, `dateCreated`, `dateUpdated`, `uid`) VALUES
 ('1', NULL, 'm000000_000000_base', '2016-04-05 21:11:54', '2016-04-05 21:11:54', '2016-04-05 21:11:54', 'd4e8b5fe-8c4d-42b1-89f4-766711be2a32'),
 ('2', NULL, 'm140730_000001_add_filename_and_format_to_transformindex', '2016-04-05 21:11:54', '2016-04-05 21:11:54', '2016-04-05 21:11:54', '5ca54fe5-1b5a-4835-b635-14d354a2d0f6'),
 ('3', NULL, 'm140815_000001_add_format_to_transforms', '2016-04-05 21:11:54', '2016-04-05 21:11:54', '2016-04-05 21:11:54', '6d0af542-216a-4678-bed4-88f402c780ef'),
 ('4', NULL, 'm140822_000001_allow_more_than_128_items_per_field', '2016-04-05 21:11:54', '2016-04-05 21:11:54', '2016-04-05 21:11:54', '55f879f3-5841-485c-9853-a3b8b3d62ff0'),
 ('5', NULL, 'm140829_000001_single_title_formats', '2016-04-05 21:11:54', '2016-04-05 21:11:54', '2016-04-05 21:11:54', '668c96d7-fe50-42a5-9fa4-ef691e0c95e0'),
 ('6', NULL, 'm140831_000001_extended_cache_keys', '2016-04-05 21:11:54', '2016-04-05 21:11:54', '2016-04-05 21:11:54', '6b961edc-ca5a-48b3-98f8-e3909d217395'),
 ('7', NULL, 'm140922_000001_delete_orphaned_matrix_blocks', '2016-04-05 21:11:54', '2016-04-05 21:11:54', '2016-04-05 21:11:54', 'e1aaf4fd-00d8-41e4-91e2-5c67abb21c3b'),
 ('8', NULL, 'm141008_000001_elements_index_tune', '2016-04-05 21:11:54', '2016-04-05 21:11:54', '2016-04-05 21:11:54', '6bf722c4-a4d1-466f-b5d5-c0ac58464db9'),
 ('9', NULL, 'm141009_000001_assets_source_handle', '2016-04-05 21:11:54', '2016-04-05 21:11:54', '2016-04-05 21:11:54', '2237f16f-c96b-4138-929a-b5a32a7a9c62'),
 ('10', NULL, 'm141024_000001_field_layout_tabs', '2016-04-05 21:11:54', '2016-04-05 21:11:54', '2016-04-05 21:11:54', 'b321f120-722b-4fbe-9a4b-daa74ab1fac9'),
 ('11', NULL, 'm141030_000001_drop_structure_move_permission', '2016-04-05 21:11:54', '2016-04-05 21:11:54', '2016-04-05 21:11:54', 'f6001e82-0535-4325-a8f8-0a3077364103'),
 ('12', NULL, 'm141103_000001_tag_titles', '2016-04-05 21:11:54', '2016-04-05 21:11:54', '2016-04-05 21:11:54', '84175abd-4f74-4a03-8130-047b91c2d635'),
 ('13', NULL, 'm141109_000001_user_status_shuffle', '2016-04-05 21:11:54', '2016-04-05 21:11:54', '2016-04-05 21:11:54', '21b3d38a-d54d-4d2b-af69-e137e5c79b1f'),
 ('14', NULL, 'm141126_000001_user_week_start_day', '2016-04-05 21:11:54', '2016-04-05 21:11:54', '2016-04-05 21:11:54', '3102be58-2204-4614-94ab-d32c44e52ee2'),
 ('15', NULL, 'm150210_000001_adjust_user_photo_size', '2016-04-05 21:11:54', '2016-04-05 21:11:54', '2016-04-05 21:11:54', 'd27e6a74-ae71-4419-b4cd-7b23ffd17bf1'),
 ('16', NULL, 'm141030_000000_plugin_schema_versions', '2016-04-05 21:15:07', '2016-04-05 21:15:07', '2016-04-05 21:15:07', '85905e75-6eb0-42c8-9164-fc852a81466e'),
 ('17', NULL, 'm150724_000001_adjust_quality_settings', '2016-04-05 21:15:07', '2016-04-05 21:15:07', '2016-04-05 21:15:07', '5e7b5f0f-5c18-4b28-8d9f-d89bd60cad2f'),
 ('18', NULL, 'm150827_000000_element_index_settings', '2016-04-05 21:15:07', '2016-04-05 21:15:07', '2016-04-05 21:15:07', 'aa174ab0-fd10-49fe-a202-b6f1fbe09ebb'),
 ('19', NULL, 'm150918_000001_add_colspan_to_widgets', '2016-04-05 21:15:07', '2016-04-05 21:15:07', '2016-04-05 21:15:07', '298d1554-d8f8-486c-978c-883fe9efbc9e'),
 ('20', NULL, 'm151007_000000_clear_asset_caches', '2016-04-05 21:15:07', '2016-04-05 21:15:07', '2016-04-05 21:15:07', '6a50dc51-2ab0-4a56-a8fa-c0b434c44b11'),
 ('21', NULL, 'm151109_000000_text_url_formats', '2016-04-05 21:15:07', '2016-04-05 21:15:07', '2016-04-05 21:15:07', '542a11f0-01d7-4cd3-a47c-5e5f94f5536d'),
 ('22', NULL, 'm151110_000000_move_logo', '2016-04-05 21:15:07', '2016-04-05 21:15:07', '2016-04-05 21:15:07', '6db450be-6b60-4d21-a887-855fce2fa44c'),
 ('23', NULL, 'm151117_000000_adjust_image_widthheight', '2016-04-05 21:15:07', '2016-04-05 21:15:07', '2016-04-05 21:15:07', 'cff96ed4-508e-47f4-8acb-d4e04b4f6e6f'),
 ('24', NULL, 'm151127_000000_clear_license_key_status', '2016-04-05 21:15:07', '2016-04-05 21:15:07', '2016-04-05 21:15:07', '74eacb3d-491b-4fce-9532-db76214ff6b8'),
 ('25', NULL, 'm151127_000000_plugin_license_keys', '2016-04-05 21:15:07', '2016-04-05 21:15:07', '2016-04-05 21:15:07', '877f36f3-1e59-4b23-b677-dbad6e3e5e1d'),
 ('26', NULL, 'm151130_000000_update_pt_widget_feeds', '2016-04-05 21:15:07', '2016-04-05 21:15:07', '2016-04-05 21:15:07', 'fcb2936b-40eb-4713-9b56-0c675de514f1'),
 ('27', NULL, 'm160114_000000_asset_sources_public_url_default_true', '2016-04-05 21:15:07', '2016-04-05 21:15:07', '2016-04-05 21:15:07', '92795773-5695-4743-bf62-50566259b77e'),
 ('28', NULL, 'm160223_000000_sortorder_to_smallint', '2016-04-05 21:15:07', '2016-04-05 21:15:07', '2016-04-05 21:15:07', 'c9168774-5911-4820-a271-340f46a365be'),
 ('29', NULL, 'm160229_000000_set_default_entry_statuses', '2016-04-05 21:15:07', '2016-04-05 21:15:07', '2016-04-05 21:15:07', '2eafd743-a7ee-413b-9e50-02d8ef73cbc7'),
 ('30', NULL, 'm160304_000000_client_permissions', '2016-04-05 21:15:07', '2016-04-05 21:15:07', '2016-04-05 21:15:07', '05664e92-c1cb-4b14-ac65-ceed82e61dc3'),
 ('31', NULL, 'm160322_000000_asset_filesize', '2016-04-05 21:15:07', '2016-04-05 21:15:07', '2016-04-05 21:15:07', '28abe268-f0b0-47ae-b904-f2aca184c873'),
 ('32', NULL, 'm160503_000000_orphaned_fieldlayouts', '2016-06-28 15:44:12', '2016-06-28 15:44:12', '2016-06-28 15:44:12', '78e75a8a-56a1-4c2e-a9de-6a2eca9e4175'),
 ('33', NULL, 'm160510_000000_tasksettings', '2016-06-28 15:44:12', '2016-06-28 15:44:12', '2016-06-28 15:44:12', 'f640bd8d-9e09-4674-af25-9839c42da5f7');



DROP TABLE IF EXISTS `craft_plugins`;


--
-- Schema for table `craft_plugins`
--
CREATE TABLE `craft_plugins` (
  `id` int(11) NOT NULL AUTO_INCREMENT,
  `class` varchar(150) COLLATE utf8_unicode_ci NOT NULL,
  `version` varchar(15) COLLATE utf8_unicode_ci NOT NULL,
  `schemaVersion` varchar(15) COLLATE utf8_unicode_ci DEFAULT NULL,
  `licenseKey` char(24) COLLATE utf8_unicode_ci DEFAULT NULL,
  `licenseKeyStatus` enum('valid','invalid','mismatched','unknown') COLLATE utf8_unicode_ci NOT NULL DEFAULT 'unknown',
  `enabled` tinyint(1) unsigned NOT NULL DEFAULT '0',
  `settings` text COLLATE utf8_unicode_ci,
  `installDate` datetime NOT NULL,
  `dateCreated` datetime NOT NULL,
  `dateUpdated` datetime NOT NULL,
  `uid` char(36) COLLATE utf8_unicode_ci NOT NULL DEFAULT '0',
  PRIMARY KEY (`id`)
) ENGINE=InnoDB AUTO_INCREMENT=2 DEFAULT CHARSET=utf8 COLLATE=utf8_unicode_ci;

--
-- Data for table `craft_plugins`
--

INSERT INTO `craft_plugins` (`id`, `class`, `version`, `schemaVersion`, `licenseKey`, `licenseKeyStatus`, `enabled`, `settings`, `installDate`, `dateCreated`, `dateUpdated`, `uid`) VALUES
 ('1', 'Lj_mobiledetect', '1.0', NULL, NULL, 'unknown', '1', NULL, '2016-07-06 12:44:15', '2016-07-06 12:44:15', '2016-07-12 10:17:45', '1140e747-5601-4a10-b252-2a668ef83e2b');



DROP TABLE IF EXISTS `craft_rackspaceaccess`;


--
-- Schema for table `craft_rackspaceaccess`
--
CREATE TABLE `craft_rackspaceaccess` (
  `id` int(11) NOT NULL AUTO_INCREMENT,
  `connectionKey` varchar(255) COLLATE utf8_unicode_ci NOT NULL,
  `token` varchar(255) COLLATE utf8_unicode_ci NOT NULL,
  `storageUrl` varchar(255) COLLATE utf8_unicode_ci NOT NULL,
  `cdnUrl` varchar(255) COLLATE utf8_unicode_ci NOT NULL,
  `dateCreated` datetime NOT NULL,
  `dateUpdated` datetime NOT NULL,
  `uid` char(36) COLLATE utf8_unicode_ci NOT NULL DEFAULT '0',
  PRIMARY KEY (`id`),
  UNIQUE KEY `craft_rackspaceaccess_connectionKey_unq_idx` (`connectionKey`)
) ENGINE=InnoDB DEFAULT CHARSET=utf8 COLLATE=utf8_unicode_ci;

DROP TABLE IF EXISTS `craft_relations`;


--
-- Schema for table `craft_relations`
--
CREATE TABLE `craft_relations` (
  `id` int(11) NOT NULL AUTO_INCREMENT,
  `fieldId` int(11) NOT NULL,
  `sourceId` int(11) NOT NULL,
  `sourceLocale` char(12) COLLATE utf8_unicode_ci DEFAULT NULL,
  `targetId` int(11) NOT NULL,
  `sortOrder` smallint(6) DEFAULT NULL,
  `dateCreated` datetime NOT NULL,
  `dateUpdated` datetime NOT NULL,
  `uid` char(36) COLLATE utf8_unicode_ci NOT NULL DEFAULT '0',
  PRIMARY KEY (`id`),
  UNIQUE KEY `craft_relations_fieldId_sourceId_sourceLocale_targetId_unq_idx` (`fieldId`,`sourceId`,`sourceLocale`,`targetId`),
  KEY `craft_relations_sourceId_fk` (`sourceId`),
  KEY `craft_relations_sourceLocale_fk` (`sourceLocale`),
  KEY `craft_relations_targetId_fk` (`targetId`)
) ENGINE=InnoDB AUTO_INCREMENT=245 DEFAULT CHARSET=utf8 COLLATE=utf8_unicode_ci;

--
-- Data for table `craft_relations`
--

INSERT INTO `craft_relations` (`id`, `fieldId`, `sourceId`, `sourceLocale`, `targetId`, `sortOrder`, `dateCreated`, `dateUpdated`, `uid`) VALUES
 ('194', '37', '46', NULL, '29', '1', '2016-06-07 21:48:11', '2016-06-07 21:48:11', '0d354d7e-8cdf-4f37-a9f3-e04d2ce370c2'),
 ('195', '7', '47', NULL, '29', '1', '2016-06-07 21:48:11', '2016-06-07 21:48:11', '73e5f09b-1251-455b-9c94-edea13ef2630'),
 ('196', '37', '44', NULL, '27', '1', '2016-06-07 21:48:14', '2016-06-07 21:48:14', '0cc6cd69-3bd8-43d5-904f-a445367bba14'),
 ('197', '7', '45', NULL, '43', '1', '2016-06-07 21:48:14', '2016-06-07 21:48:14', '4c3859e9-b4f4-4863-9b79-23b9e454f792'),
 ('198', '37', '41', NULL, '51', '1', '2016-06-07 21:48:19', '2016-06-07 21:48:19', '76bd5df2-5f5a-4d8f-ae09-e37f35c556fa'),
 ('199', '7', '42', NULL, '7', '1', '2016-06-07 21:48:19', '2016-06-07 21:48:19', 'e0a5d83a-99c3-4a1a-83d4-ceecb133c806'),
 ('217', '33', '2', NULL, '50', '1', '2016-06-09 13:21:51', '2016-06-09 13:21:51', '71ea724b-4b28-43e1-b827-a4bfeefa653f'),
 ('218', '3', '2', NULL, '48', '1', '2016-06-09 13:21:51', '2016-06-09 13:21:51', 'd369f07c-316f-4b36-a7dd-db6894f93829'),
 ('219', '3', '2', NULL, '46', '2', '2016-06-09 13:21:51', '2016-06-09 13:21:51', 'd6b7d127-cac1-4a2d-9396-3d44f47efbd6'),
 ('220', '3', '2', NULL, '44', '3', '2016-06-09 13:21:51', '2016-06-09 13:21:51', '2c1d8f4d-4969-4325-a727-87907e96d8e5'),
 ('221', '3', '2', NULL, '41', '4', '2016-06-09 13:21:51', '2016-06-09 13:21:51', '0ae32399-9f67-41c1-abd8-9545f7dbd0da'),
 ('222', '3', '2', NULL, '3', '5', '2016-06-09 13:21:51', '2016-06-09 13:21:51', 'f7c20a8c-d895-46e0-8b63-942db85e3e9c'),
 ('223', '37', '48', NULL, '26', '1', '2016-06-09 13:29:42', '2016-06-09 13:29:42', '0e709504-4536-42cb-9017-23cea4e7561b'),
 ('224', '7', '49', NULL, '26', '1', '2016-06-09 13:29:42', '2016-06-09 13:29:42', '111c45d7-a84d-4187-985a-b95b895e5f74'),
 ('231', '41', '31', NULL, '19', '1', '2016-06-17 11:29:50', '2016-06-17 11:29:50', 'e352eefb-5795-4346-af92-6a830a95bdd5'),
 ('232', '37', '3', NULL, '6', '1', '2016-07-12 10:17:05', '2016-07-12 10:17:05', '258393cb-85b8-4171-9d36-9f425dba202c'),
 ('233', '7', '12', NULL, '28', '1', '2016-07-12 10:17:05', '2016-07-12 10:17:05', '13d55ea5-14c7-44e2-b562-09e6c74da528'),
 ('234', '10', '13', NULL, '6', '1', '2016-07-12 10:17:05', '2016-07-12 10:17:05', 'b35adf4f-ef3e-4f7c-a799-b07efab1a6ce'),
 ('235', '10', '13', NULL, '11', '2', '2016-07-12 10:17:05', '2016-07-12 10:17:05', '87deb894-eb45-41ce-9439-88b665fc2ea3'),
 ('236', '7', '14', NULL, '10', '1', '2016-07-12 10:17:05', '2016-07-12 10:17:05', 'd88c150e-d4c7-4fe0-bd95-70dc4e591981'),
 ('237', '11', '20', NULL, '17', '1', '2016-07-12 10:17:05', '2016-07-12 10:17:05', 'e464e913-85e6-43f5-b151-98baac10dabb'),
 ('238', '11', '20', NULL, '18', '2', '2016-07-12 10:17:05', '2016-07-12 10:17:05', '7388d9d5-1fc8-4696-a18b-55eac61374db'),
 ('239', '11', '20', NULL, '19', '3', '2016-07-12 10:17:05', '2016-07-12 10:17:05', '8412d147-588c-4dd9-9055-c879fb582409'),
 ('240', '14', '24', NULL, '5', '1', '2016-07-12 10:17:05', '2016-07-12 10:17:05', 'd04c5a9a-1836-4fad-a976-72bb8aea1036'),
 ('241', '16', '25', NULL, '21', '1', '2016-07-12 10:17:05', '2016-07-12 10:17:05', 'bb7e2508-5e95-4b58-9b8f-ec7bd29b1e40'),
 ('242', '17', '25', NULL, '22', '1', '2016-07-12 10:17:05', '2016-07-12 10:17:05', '74437600-05c5-4004-86dc-288599e5eee6'),
 ('243', '17', '25', NULL, '23', '2', '2016-07-12 10:17:05', '2016-07-12 10:17:05', '981c78db-ed98-4d40-80dd-bd918728c245'),
 ('244', '38', '52', NULL, '23', '1', '2016-07-12 10:17:05', '2016-07-12 10:17:05', 'fb01019a-d22a-4121-92da-7b2694fedeee');



DROP TABLE IF EXISTS `craft_routes`;


--
-- Schema for table `craft_routes`
--
CREATE TABLE `craft_routes` (
  `id` int(11) NOT NULL AUTO_INCREMENT,
  `locale` char(12) COLLATE utf8_unicode_ci DEFAULT NULL,
  `urlParts` varchar(255) COLLATE utf8_unicode_ci NOT NULL,
  `urlPattern` varchar(255) COLLATE utf8_unicode_ci NOT NULL,
  `template` varchar(255) COLLATE utf8_unicode_ci NOT NULL,
  `sortOrder` smallint(6) unsigned DEFAULT NULL,
  `dateCreated` datetime NOT NULL,
  `dateUpdated` datetime NOT NULL,
  `uid` char(36) COLLATE utf8_unicode_ci NOT NULL DEFAULT '0',
  PRIMARY KEY (`id`),
  UNIQUE KEY `craft_routes_urlPattern_unq_idx` (`urlPattern`),
  KEY `craft_routes_locale_idx` (`locale`)
) ENGINE=InnoDB AUTO_INCREMENT=4 DEFAULT CHARSET=utf8 COLLATE=utf8_unicode_ci;

--
-- Data for table `craft_routes`
--

INSERT INTO `craft_routes` (`id`, `locale`, `urlParts`, `urlPattern`, `template`, `sortOrder`, `dateCreated`, `dateUpdated`, `uid`) VALUES
 ('1', NULL, '[\"templates\\/home\"]', 'templates\\/home', 'home', '1', '2016-04-22 14:35:04', '2016-04-28 15:45:41', '711e75c0-88c3-45df-851d-f8975fe1fa19'),
 ('2', NULL, '[\"templates\\/info\"]', 'templates\\/info', 'info', '2', '2016-04-22 14:35:13', '2016-06-28 15:44:39', 'e9c34f1c-779f-4040-b78e-52ebdcc9b777'),
 ('3', NULL, '[\"templates\\/work\"]', 'templates\\/work', 'work', '3', '2016-04-28 16:15:24', '2016-04-28 16:15:24', '6ee62af1-0b7a-41fe-b6d6-6a68fa7b66d3');



DROP TABLE IF EXISTS `craft_searchindex`;


--
-- Schema for table `craft_searchindex`
--
CREATE TABLE `craft_searchindex` (
  `elementId` int(11) NOT NULL,
  `attribute` varchar(25) COLLATE utf8_unicode_ci NOT NULL,
  `fieldId` int(11) NOT NULL,
  `locale` char(12) COLLATE utf8_unicode_ci NOT NULL,
  `keywords` text COLLATE utf8_unicode_ci NOT NULL,
  PRIMARY KEY (`elementId`,`attribute`,`fieldId`,`locale`),
  FULLTEXT KEY `craft_searchindex_keywords_idx` (`keywords`)
) ENGINE=MyISAM DEFAULT CHARSET=utf8 COLLATE=utf8_unicode_ci;

--
-- Data for table `craft_searchindex`
--

INSERT INTO `craft_searchindex` (`elementId`, `attribute`, `fieldId`, `locale`, `keywords`) VALUES
 ('1', 'username', '0', 'en_us', ' admin '),
 ('1', 'firstname', '0', 'en_us', ''),
 ('1', 'lastname', '0', 'en_us', ''),
 ('1', 'fullname', '0', 'en_us', ''),
 ('1', 'email', '0', 'en_us', ' admin bong international '),
 ('1', 'slug', '0', 'en_us', ''),
 ('2', 'slug', '0', 'en_us', ' homepage '),
 ('2', 'title', '0', 'en_us', ' landing '),
 ('2', 'field', '1', 'en_us', ' it s true this site doesn t have a whole lot of content yet but don t worry our web developers have just installed the cms and they re setting things up for the content editors this very moment soon toeplusbee com will be an oasis of fresh perspectives sharp analyses and astute opinions that will keep you coming back again and again '),
 ('3', 'field', '1', 'en_us', ' craft is the cms that s powering toeplusbee com it s beautiful powerful flexible and easy to use and it s made by pixel tonic we can t wait to dive in and see what it s capable of this is even more captivating content which you couldn t see on the news index page because it was entered after a page break and the news index template only likes to show the content on the first page craft a nice alternative to word if you re making a website '),
 ('3', 'field', '2', 'en_us', ''),
 ('3', 'slug', '0', 'en_us', ' tubular x '),
 ('3', 'title', '0', 'en_us', ' tubular x '),
 ('4', 'filename', '0', 'en_us', ' superimposestudio 1 jpg '),
 ('4', 'extension', '0', 'en_us', ' jpg '),
 ('4', 'kind', '0', 'en_us', ' image '),
 ('4', 'slug', '0', 'en_us', ' superimpose studio adidas uk tubular x fw15 111 '),
 ('4', 'title', '0', 'en_us', ' superimpose studio adidas uk tubular x fw15 111 '),
 ('5', 'filename', '0', 'en_us', ' superimposestudio adidasuk tubularx fw15 111 jpg '),
 ('5', 'extension', '0', 'en_us', ' jpg '),
 ('5', 'kind', '0', 'en_us', ' image '),
 ('5', 'slug', '0', 'en_us', ' superimpose studio adidas uk tubular x fw15 111 '),
 ('5', 'title', '0', 'en_us', ' superimpose studio adidas uk tubular x fw15 111 '),
 ('2', 'field', '3', 'en_us', ' i want i can zx flux nyc pop off store stan smith for every court ss15 campaign ripped and repaired tubular x '),
 ('52', 'field', '12', 'en_us', ' https www youtube com watch v=tltxdgaiujw '),
 ('52', 'field', '38', 'en_us', ' superimpose studio adidas uk tubular x fw15 071 '),
 ('6', 'filename', '0', 'en_us', ' superimposestudio adidasuk tubularx fw15 101 jpg '),
 ('6', 'extension', '0', 'en_us', ' jpg '),
 ('6', 'kind', '0', 'en_us', ' image '),
 ('6', 'slug', '0', 'en_us', ' superimpose studio adidas uk tubular x fw15 101 '),
 ('6', 'title', '0', 'en_us', ' superimpose studio adidas uk tubular x fw15 101 '),
 ('7', 'filename', '0', 'en_us', ' superimposestudio website_cheapmonday randr 10 jpg '),
 ('7', 'extension', '0', 'en_us', ' jpg '),
 ('7', 'kind', '0', 'en_us', ' image '),
 ('7', 'slug', '0', 'en_us', ' superimpose studio website cheap monday rand r 10 '),
 ('7', 'title', '0', 'en_us', ' superimpose studio website cheap monday rand r 10 '),
 ('3', 'field', '4', 'en_us', ' s s 15 superimpose studio adidas originals zxflux ss14 041 1200x800 right autoheight as a development for adidas tubular range superimpose was briefed by adidas originals uk to create a lookbook to launch the premium primeknit tubular x with a focus on the styling superimpose set out to make the collection appeal to a wider audience set left superimpose studio adidas uk tubular x fw15 101 superimpose studio adidas uk tubular x fw15 021 1200x800 superimpose studio adidas uk tubular x fw15 121 left autoheight superimpose studio adidas uk tubular x fw15 041 superimpose studio adidas uk tubular x fw15 061 superimpose studio adidas uk tubular x fw15 081 with a focus on the styling superimpose set out to make the collection appeal to a wider audience set as a development for adidas tubular range superimpose was briefed by adidas originals uk to create a lookbook to launch the premium primeknit tubular x with a focus on the styling superimpose set out to make the collection appeal to a wider audience set superimpose studio adidas uk tubular x fw15 111 textrightimageleft superimpose studio adidas uk tubular x fw15 031 largeimageleft superimpose studio adidas uk tubular x fw15 051 superimpose studio adidas uk tubular x fw15 071 superimpose studio adidas uk tubular x fw15 071 https www youtube com watch v=tltxdgaiujw '),
 ('8', 'field', '5', 'en_us', ' as a development for adidas tubular range superimpose was briefed by adidas originals uk to create a lookbook to launch the premium primeknit tubular x with a focus on the styling superimpose set out to make the collection appeal to a wider audience set '),
 ('8', 'field', '6', 'en_us', ' left '),
 ('8', 'slug', '0', 'en_us', ''),
 ('10', 'slug', '0', 'en_us', ' superimpose studio adidas uk tubular x fw15 121 '),
 ('10', 'title', '0', 'en_us', ' superimpose studio adidas uk tubular x fw15 121 '),
 ('10', 'kind', '0', 'en_us', ' image '),
 ('10', 'filename', '0', 'en_us', ' superimposestudio adidasuk tubularx fw15 121 jpg '),
 ('10', 'extension', '0', 'en_us', ' jpg '),
 ('11', 'filename', '0', 'en_us', ' superimposestudio adidasuk tubularx fw15 021 1200x800 jpg '),
 ('11', 'extension', '0', 'en_us', ' jpg '),
 ('11', 'kind', '0', 'en_us', ' image '),
 ('11', 'slug', '0', 'en_us', ' superimpose studio adidas uk tubular x fw15 021 1200x800 '),
 ('11', 'title', '0', 'en_us', ' superimpose studio adidas uk tubular x fw15 021 1200x800 '),
 ('12', 'field', '7', 'en_us', ' superimpose studio adidas originals zxflux ss14 041 1200x800 '),
 ('12', 'field', '8', 'en_us', ' autoheight '),
 ('12', 'field', '9', 'en_us', ' right '),
 ('12', 'slug', '0', 'en_us', ''),
 ('13', 'field', '10', 'en_us', ' superimpose studio adidas uk tubular x fw15 101 superimpose studio adidas uk tubular x fw15 021 1200x800 '),
 ('13', 'slug', '0', 'en_us', ''),
 ('14', 'field', '7', 'en_us', ' superimpose studio adidas uk tubular x fw15 121 '),
 ('14', 'field', '8', 'en_us', ' autoheight '),
 ('14', 'field', '9', 'en_us', ' left '),
 ('14', 'slug', '0', 'en_us', ''),
 ('15', 'filename', '0', 'en_us', ' superimposestudio adidasuk tubularx fw15 091 jpg '),
 ('15', 'extension', '0', 'en_us', ' jpg '),
 ('15', 'kind', '0', 'en_us', ' image '),
 ('15', 'slug', '0', 'en_us', ' superimpose studio adidas uk tubular x fw15 091 '),
 ('15', 'title', '0', 'en_us', ' superimpose studio adidas uk tubular x fw15 091 '),
 ('16', 'filename', '0', 'en_us', ' superimposestudio adidasuk tubularx fw15 091_160422_132814 jpg '),
 ('16', 'extension', '0', 'en_us', ' jpg '),
 ('16', 'kind', '0', 'en_us', ' image '),
 ('16', 'slug', '0', 'en_us', ' superimpose studio adidas uk tubular x fw15 091 '),
 ('16', 'title', '0', 'en_us', ' superimpose studio adidas uk tubular x fw15 091 '),
 ('17', 'filename', '0', 'en_us', ' superimposestudio adidasuk tubularx fw15 041 jpg '),
 ('17', 'extension', '0', 'en_us', ' jpg '),
 ('17', 'kind', '0', 'en_us', ' image '),
 ('17', 'slug', '0', 'en_us', ' superimpose studio adidas uk tubular x fw15 041 '),
 ('17', 'title', '0', 'en_us', ' superimpose studio adidas uk tubular x fw15 041 '),
 ('18', 'filename', '0', 'en_us', ' superimposestudio adidasuk tubularx fw15 061 jpg '),
 ('18', 'extension', '0', 'en_us', ' jpg '),
 ('18', 'kind', '0', 'en_us', ' image '),
 ('18', 'slug', '0', 'en_us', ' superimpose studio adidas uk tubular x fw15 061 '),
 ('18', 'title', '0', 'en_us', ' superimpose studio adidas uk tubular x fw15 061 '),
 ('19', 'filename', '0', 'en_us', ' superimposestudio adidasuk tubularx fw15 081 jpg '),
 ('19', 'extension', '0', 'en_us', ' jpg '),
 ('19', 'kind', '0', 'en_us', ' image '),
 ('19', 'slug', '0', 'en_us', ' superimpose studio adidas uk tubular x fw15 081 '),
 ('19', 'title', '0', 'en_us', ' superimpose studio adidas uk tubular x fw15 081 '),
 ('20', 'field', '11', 'en_us', ' superimpose studio adidas uk tubular x fw15 041 superimpose studio adidas uk tubular x fw15 061 superimpose studio adidas uk tubular x fw15 081 '),
 ('20', 'slug', '0', 'en_us', ''),
 ('21', 'filename', '0', 'en_us', ' superimposestudio adidasuk tubularx fw15 031 jpg '),
 ('21', 'extension', '0', 'en_us', ' jpg '),
 ('21', 'kind', '0', 'en_us', ' image '),
 ('21', 'slug', '0', 'en_us', ' superimpose studio adidas uk tubular x fw15 031 '),
 ('21', 'title', '0', 'en_us', ' superimpose studio adidas uk tubular x fw15 031 '),
 ('22', 'filename', '0', 'en_us', ' superimposestudio adidasuk tubularx fw15 051 jpg '),
 ('22', 'extension', '0', 'en_us', ' jpg '),
 ('22', 'kind', '0', 'en_us', ' image '),
 ('22', 'slug', '0', 'en_us', ' superimpose studio adidas uk tubular x fw15 051 '),
 ('22', 'title', '0', 'en_us', ' superimpose studio adidas uk tubular x fw15 051 '),
 ('23', 'filename', '0', 'en_us', ' superimposestudio adidasuk tubularx fw15 071 jpg '),
 ('23', 'extension', '0', 'en_us', ' jpg '),
 ('23', 'kind', '0', 'en_us', ' image ');
INSERT INTO `craft_searchindex` (`elementId`, `attribute`, `fieldId`, `locale`, `keywords`) VALUES
 ('23', 'slug', '0', 'en_us', ' superimpose studio adidas uk tubular x fw15 071 '),
 ('23', 'title', '0', 'en_us', ' superimpose studio adidas uk tubular x fw15 071 '),
 ('24', 'field', '13', 'en_us', ' as a development for adidas tubular range superimpose was briefed by adidas originals uk to create a lookbook to launch the premium primeknit tubular x with a focus on the styling superimpose set out to make the collection appeal to a wider audience set '),
 ('24', 'field', '14', 'en_us', ' superimpose studio adidas uk tubular x fw15 111 '),
 ('24', 'field', '15', 'en_us', ' textrightimageleft '),
 ('24', 'slug', '0', 'en_us', ''),
 ('25', 'field', '16', 'en_us', ' superimpose studio adidas uk tubular x fw15 031 '),
 ('25', 'field', '17', 'en_us', ' superimpose studio adidas uk tubular x fw15 051 superimpose studio adidas uk tubular x fw15 071 '),
 ('25', 'field', '18', 'en_us', ' largeimageleft '),
 ('25', 'slug', '0', 'en_us', ''),
 ('26', 'filename', '0', 'en_us', ' superimposestudio adidasoriginals iwanticanzxflux ss15 05 1200x800 jpg '),
 ('26', 'extension', '0', 'en_us', ' jpg '),
 ('26', 'kind', '0', 'en_us', ' image '),
 ('26', 'slug', '0', 'en_us', ' superimpose studio adidas originals iwanticanzxflux ss15 05 1200x800 '),
 ('26', 'title', '0', 'en_us', ' superimpose studio adidas originals iwanticanzxflux ss15 05 1200x800 '),
 ('27', 'filename', '0', 'en_us', ' superimposestudio adidasoriginals stansmith ss15 10 1200x800 jpg '),
 ('27', 'extension', '0', 'en_us', ' jpg '),
 ('27', 'kind', '0', 'en_us', ' image '),
 ('27', 'slug', '0', 'en_us', ' superimpose studio adidas originals stan smith ss15 10 1200x800 '),
 ('27', 'title', '0', 'en_us', ' superimpose studio adidas originals stan smith ss15 10 1200x800 '),
 ('28', 'filename', '0', 'en_us', ' superimposestudio adidasoriginals zxflux ss14 041 1200x800 jpg '),
 ('28', 'extension', '0', 'en_us', ' jpg '),
 ('28', 'kind', '0', 'en_us', ' image '),
 ('28', 'slug', '0', 'en_us', ' superimpose studio adidas originals zxflux ss14 041 1200x800 '),
 ('28', 'title', '0', 'en_us', ' superimpose studio adidas originals zxflux ss14 041 1200x800 '),
 ('29', 'filename', '0', 'en_us', ' superimposestudio adidasoriginals palacexadidas fw14 09 1200x1600 jpg '),
 ('29', 'extension', '0', 'en_us', ' jpg '),
 ('29', 'kind', '0', 'en_us', ' image '),
 ('29', 'slug', '0', 'en_us', ' superimpose studio adidas originals palacexadidas fw14 09 1200x1600 '),
 ('29', 'title', '0', 'en_us', ' superimpose studio adidas originals palacexadidas fw14 09 1200x1600 '),
 ('30', 'filename', '0', 'en_us', ' superimposestudio adidasoriginals rundmc ss14 08 1200x1600 jpg '),
 ('30', 'extension', '0', 'en_us', ' jpg '),
 ('30', 'kind', '0', 'en_us', ' image '),
 ('30', 'slug', '0', 'en_us', ' superimpose studio adidas originals rundmc ss14 08 1200x1600 '),
 ('30', 'title', '0', 'en_us', ' superimpose studio adidas originals rundmc ss14 08 1200x1600 '),
 ('31', 'slug', '0', 'en_us', ' about '),
 ('31', 'title', '0', 'en_us', ' about '),
 ('31', 'field', '19', 'en_us', ' superimpose is a london based studio delivering contemporary creative direction and content strategy championing a progressive visual practice born out of a deep understanding and fascination with culture our founding partners have each played vital roles in the design and documentation of london s thriving contemporary and underground scene over the past decade their combined backgrounds in design strategy social thinking and global insights enables superimpose studio to not only offer intuitive answers but to push the potential of the brands they work with '),
 ('31', 'field', '24', 'en_us', ' not trend reports but actual commitment to understanding consumer behaviour and preferences through connection with target audience audience insight package all audience insights into tangible opportunities for our clients through evaluation and planning across all platforms strategic planning create and develop not only tactical ideas but also global campaign wide creative creative direction push for creative excellence through working within a specialist network of content creators content creation '),
 ('31', 'field', '27', 'en_us', ' boiler room palace skateboards vice domino records 7 years experience in creative direction and graphic design toby evans creative director channel4 levi s unilever 7 years experience in content strategy and audience insight ollie olanipekun creative director '),
 ('31', 'field', '20', 'en_us', ' unit b2 56 hoxton square london n1 6nu uk '),
 ('31', 'field', '21', 'en_us', ' facebook instagram twitter '),
 ('31', 'field', '41', 'en_us', ' superimpose studio adidas uk tubular x fw15 081 '),
 ('31', 'field', '40', 'en_us', ' download pdf '),
 ('31', 'field', '39', 'en_us', ' further information and potential projects hello superimpose studio '),
 ('41', 'field', '4', 'en_us', ' superimpose studio website cheap monday rand r 10 left autoheight '),
 ('41', 'slug', '0', 'en_us', ' cheap monday '),
 ('41', 'title', '0', 'en_us', ' ripped and repaired '),
 ('42', 'field', '7', 'en_us', ' superimpose studio website cheap monday rand r 10 '),
 ('42', 'field', '8', 'en_us', ' autoheight '),
 ('42', 'field', '9', 'en_us', ' left '),
 ('42', 'slug', '0', 'en_us', ''),
 ('43', 'filename', '0', 'en_us', ' superimposestudio adidasoriginals stansmith ss15 10 1200x800 1 jpg '),
 ('43', 'extension', '0', 'en_us', ' jpg '),
 ('43', 'kind', '0', 'en_us', ' image '),
 ('43', 'slug', '0', 'en_us', ' superimpose studio adidas originals stan smith ss15 10 1200x800 1 '),
 ('43', 'title', '0', 'en_us', ' superimpose studio adidas originals stan smith ss15 10 1200x800 1 '),
 ('44', 'field', '4', 'en_us', ' superimpose studio adidas originals stan smith ss15 10 1200x800 1 left autoheight '),
 ('44', 'slug', '0', 'en_us', ' stan smith for every court ss15 campaign '),
 ('44', 'title', '0', 'en_us', ' stan smith for every court ss15 campaign '),
 ('45', 'field', '7', 'en_us', ' superimpose studio adidas originals stan smith ss15 10 1200x800 1 '),
 ('45', 'field', '8', 'en_us', ' autoheight '),
 ('45', 'field', '9', 'en_us', ' left '),
 ('45', 'slug', '0', 'en_us', ''),
 ('46', 'field', '4', 'en_us', ' superimpose studio adidas originals palacexadidas fw14 09 1200x1600 center autoheight '),
 ('46', 'slug', '0', 'en_us', ' palace nyc pop off store '),
 ('46', 'title', '0', 'en_us', ' nyc pop off store '),
 ('47', 'field', '7', 'en_us', ' superimpose studio adidas originals palacexadidas fw14 09 1200x1600 '),
 ('47', 'field', '8', 'en_us', ' autoheight '),
 ('47', 'field', '9', 'en_us', ' center '),
 ('47', 'slug', '0', 'en_us', ''),
 ('48', 'field', '4', 'en_us', ' superimpose studio adidas originals iwanticanzxflux ss15 05 1200x800 center autoheight '),
 ('48', 'slug', '0', 'en_us', ' i want i can zx flux '),
 ('48', 'title', '0', 'en_us', ' i want i can zx flux '),
 ('49', 'field', '7', 'en_us', ' superimpose studio adidas originals iwanticanzxflux ss15 05 1200x800 '),
 ('49', 'field', '8', 'en_us', ' autoheight '),
 ('49', 'field', '9', 'en_us', ' center '),
 ('49', 'slug', '0', 'en_us', ''),
 ('50', 'filename', '0', 'en_us', ' superimpose svg '),
 ('50', 'extension', '0', 'en_us', ' svg '),
 ('50', 'kind', '0', 'en_us', ' image '),
 ('50', 'slug', '0', 'en_us', ' superimpose '),
 ('50', 'title', '0', 'en_us', ' superimpose '),
 ('2', 'field', '33', 'en_us', ' superimpose '),
 ('3', 'field', '34', 'en_us', ' adidas originals '),
 ('3', 'field', '35', 'en_us', ' 2015 '),
 ('3', 'field', '36', 'en_us', ' half '),
 ('41', 'field', '34', 'en_us', ' cheap monday '),
 ('41', 'field', '35', 'en_us', ' 2015 '),
 ('41', 'field', '36', 'en_us', ' half '),
 ('44', 'field', '34', 'en_us', ' adidas '),
 ('44', 'field', '35', 'en_us', ' 2015 '),
 ('44', 'field', '36', 'en_us', ' half '),
 ('46', 'field', '34', 'en_us', ' palace '),
 ('46', 'field', '35', 'en_us', ' 2015 '),
 ('46', 'field', '36', 'en_us', ' full '),
 ('48', 'field', '34', 'en_us', ' adidas '),
 ('48', 'field', '35', 'en_us', ' 2015 '),
 ('48', 'field', '36', 'en_us', ' full '),
 ('3', 'field', '37', 'en_us', ' superimpose studio adidas uk tubular x fw15 101 ');
INSERT INTO `craft_searchindex` (`elementId`, `attribute`, `fieldId`, `locale`, `keywords`) VALUES
 ('51', 'filename', '0', 'en_us', ' superimposestudio website_cheapmonday randr 02 1200x800 jpg '),
 ('51', 'extension', '0', 'en_us', ' jpg '),
 ('51', 'kind', '0', 'en_us', ' image '),
 ('51', 'slug', '0', 'en_us', ' superimpose studio website cheap monday rand r 02 1200x800 '),
 ('51', 'title', '0', 'en_us', ' superimpose studio website cheap monday rand r 02 1200x800 '),
 ('41', 'field', '37', 'en_us', ' superimpose studio website cheap monday rand r 02 1200x800 '),
 ('44', 'field', '37', 'en_us', ' superimpose studio adidas originals stan smith ss15 10 1200x800 '),
 ('46', 'field', '37', 'en_us', ' superimpose studio adidas originals palacexadidas fw14 09 1200x1600 '),
 ('48', 'field', '37', 'en_us', ' superimpose studio adidas originals iwanticanzxflux ss15 05 1200x800 '),
 ('52', 'slug', '0', 'en_us', ''),
 ('53', 'slug', '0', 'en_us', ''),
 ('53', 'field', '42', 'en_us', ''),
 ('53', 'field', '44', 'en_us', ''),
 ('53', 'field', '43', 'en_us', ''),
 ('54', 'field', '45', 'en_us', ' s s 15 '),
 ('54', 'slug', '0', 'en_us', ''),
 ('55', 'field', '45', 'en_us', ' with a focus on the styling superimpose set out to make the collection appeal to a wider audience set '),
 ('55', 'slug', '0', 'en_us', '');



DROP TABLE IF EXISTS `craft_sections`;


--
-- Schema for table `craft_sections`
--
CREATE TABLE `craft_sections` (
  `id` int(11) NOT NULL AUTO_INCREMENT,
  `structureId` int(11) DEFAULT NULL,
  `name` varchar(255) COLLATE utf8_unicode_ci NOT NULL,
  `handle` varchar(255) COLLATE utf8_unicode_ci NOT NULL,
  `type` enum('single','channel','structure') COLLATE utf8_unicode_ci NOT NULL DEFAULT 'channel',
  `hasUrls` tinyint(1) unsigned NOT NULL DEFAULT '1',
  `template` varchar(500) COLLATE utf8_unicode_ci DEFAULT NULL,
  `enableVersioning` tinyint(1) unsigned NOT NULL DEFAULT '0',
  `dateCreated` datetime NOT NULL,
  `dateUpdated` datetime NOT NULL,
  `uid` char(36) COLLATE utf8_unicode_ci NOT NULL DEFAULT '0',
  PRIMARY KEY (`id`),
  UNIQUE KEY `craft_sections_name_unq_idx` (`name`),
  UNIQUE KEY `craft_sections_handle_unq_idx` (`handle`),
  KEY `craft_sections_structureId_fk` (`structureId`)
) ENGINE=InnoDB AUTO_INCREMENT=4 DEFAULT CHARSET=utf8 COLLATE=utf8_unicode_ci;

--
-- Data for table `craft_sections`
--

INSERT INTO `craft_sections` (`id`, `structureId`, `name`, `handle`, `type`, `hasUrls`, `template`, `enableVersioning`, `dateCreated`, `dateUpdated`, `uid`) VALUES
 ('1', NULL, 'Homepage', 'homepage', 'single', '1', 'index', '1', '2016-04-05 21:11:55', '2016-04-05 21:11:55', '909bd864-4f11-43d5-9224-efeb2c51c0c3'),
 ('2', NULL, 'Work', 'work', 'channel', '1', 'work/_entry', '1', '2016-04-05 21:11:55', '2016-07-06 16:28:42', '266e61c0-01d3-4dbb-8c1b-f5b44ee67b00'),
 ('3', NULL, 'Info', 'info', 'single', '1', 'info', '1', '2016-04-28 11:56:26', '2016-07-06 16:28:48', '12c948cb-5807-4e93-b61d-9f77bfe06c2d');



DROP TABLE IF EXISTS `craft_sections_i18n`;


--
-- Schema for table `craft_sections_i18n`
--
CREATE TABLE `craft_sections_i18n` (
  `id` int(11) NOT NULL AUTO_INCREMENT,
  `sectionId` int(11) NOT NULL,
  `locale` char(12) COLLATE utf8_unicode_ci NOT NULL,
  `enabledByDefault` tinyint(1) unsigned NOT NULL DEFAULT '1',
  `urlFormat` text COLLATE utf8_unicode_ci,
  `nestedUrlFormat` text COLLATE utf8_unicode_ci,
  `dateCreated` datetime NOT NULL,
  `dateUpdated` datetime NOT NULL,
  `uid` char(36) COLLATE utf8_unicode_ci NOT NULL DEFAULT '0',
  PRIMARY KEY (`id`),
  UNIQUE KEY `craft_sections_i18n_sectionId_locale_unq_idx` (`sectionId`,`locale`),
  KEY `craft_sections_i18n_locale_fk` (`locale`)
) ENGINE=InnoDB AUTO_INCREMENT=4 DEFAULT CHARSET=utf8 COLLATE=utf8_unicode_ci;

--
-- Data for table `craft_sections_i18n`
--

INSERT INTO `craft_sections_i18n` (`id`, `sectionId`, `locale`, `enabledByDefault`, `urlFormat`, `nestedUrlFormat`, `dateCreated`, `dateUpdated`, `uid`) VALUES
 ('1', '1', 'en_us', '1', '__home__', NULL, '2016-04-05 21:11:55', '2016-04-05 21:15:07', 'ad552396-bbee-48b5-9a71-b5aad1a51700'),
 ('2', '2', 'en_us', '1', 'project/{slug}', NULL, '2016-04-05 21:11:55', '2016-07-06 16:28:42', '1318151a-d3ee-403c-b6ff-827299c7c734'),
 ('3', '3', 'en_us', '1', 'info', NULL, '2016-04-28 11:56:26', '2016-07-06 16:28:48', '8315c4b8-c1a8-4fc6-a222-4b9b37a7927b');



DROP TABLE IF EXISTS `craft_sessions`;


--
-- Schema for table `craft_sessions`
--
CREATE TABLE `craft_sessions` (
  `id` int(11) NOT NULL AUTO_INCREMENT,
  `userId` int(11) NOT NULL,
  `token` char(100) COLLATE utf8_unicode_ci NOT NULL,
  `dateCreated` datetime NOT NULL,
  `dateUpdated` datetime NOT NULL,
  `uid` char(36) COLLATE utf8_unicode_ci NOT NULL DEFAULT '0',
  PRIMARY KEY (`id`),
  KEY `craft_sessions_uid_idx` (`uid`),
  KEY `craft_sessions_token_idx` (`token`),
  KEY `craft_sessions_dateUpdated_idx` (`dateUpdated`),
  KEY `craft_sessions_userId_fk` (`userId`)
) ENGINE=InnoDB AUTO_INCREMENT=33 DEFAULT CHARSET=utf8 COLLATE=utf8_unicode_ci;

DROP TABLE IF EXISTS `craft_shunnedmessages`;


--
-- Schema for table `craft_shunnedmessages`
--
CREATE TABLE `craft_shunnedmessages` (
  `id` int(11) NOT NULL AUTO_INCREMENT,
  `userId` int(11) NOT NULL,
  `message` varchar(255) COLLATE utf8_unicode_ci NOT NULL,
  `expiryDate` datetime DEFAULT NULL,
  `dateCreated` datetime NOT NULL,
  `dateUpdated` datetime NOT NULL,
  `uid` char(36) COLLATE utf8_unicode_ci NOT NULL DEFAULT '0',
  PRIMARY KEY (`id`),
  UNIQUE KEY `craft_shunnedmessages_userId_message_unq_idx` (`userId`,`message`)
) ENGINE=InnoDB DEFAULT CHARSET=utf8 COLLATE=utf8_unicode_ci;

DROP TABLE IF EXISTS `craft_structureelements`;


--
-- Schema for table `craft_structureelements`
--
CREATE TABLE `craft_structureelements` (
  `id` int(11) NOT NULL AUTO_INCREMENT,
  `structureId` int(11) NOT NULL,
  `elementId` int(11) DEFAULT NULL,
  `root` int(11) unsigned DEFAULT NULL,
  `lft` int(11) unsigned NOT NULL,
  `rgt` int(11) unsigned NOT NULL,
  `level` smallint(6) unsigned NOT NULL,
  `dateCreated` datetime NOT NULL,
  `dateUpdated` datetime NOT NULL,
  `uid` char(36) COLLATE utf8_unicode_ci NOT NULL DEFAULT '0',
  PRIMARY KEY (`id`),
  UNIQUE KEY `craft_structureelements_structureId_elementId_unq_idx` (`structureId`,`elementId`),
  KEY `craft_structureelements_root_idx` (`root`),
  KEY `craft_structureelements_lft_idx` (`lft`),
  KEY `craft_structureelements_rgt_idx` (`rgt`),
  KEY `craft_structureelements_level_idx` (`level`),
  KEY `craft_structureelements_elementId_fk` (`elementId`)
) ENGINE=InnoDB DEFAULT CHARSET=utf8 COLLATE=utf8_unicode_ci;

DROP TABLE IF EXISTS `craft_structures`;


--
-- Schema for table `craft_structures`
--
CREATE TABLE `craft_structures` (
  `id` int(11) NOT NULL AUTO_INCREMENT,
  `maxLevels` smallint(6) unsigned DEFAULT NULL,
  `dateCreated` datetime NOT NULL,
  `dateUpdated` datetime NOT NULL,
  `uid` char(36) COLLATE utf8_unicode_ci NOT NULL DEFAULT '0',
  PRIMARY KEY (`id`)
) ENGINE=InnoDB DEFAULT CHARSET=utf8 COLLATE=utf8_unicode_ci;

DROP TABLE IF EXISTS `craft_systemsettings`;


--
-- Schema for table `craft_systemsettings`
--
CREATE TABLE `craft_systemsettings` (
  `id` int(11) NOT NULL AUTO_INCREMENT,
  `category` varchar(15) COLLATE utf8_unicode_ci NOT NULL,
  `settings` text COLLATE utf8_unicode_ci,
  `dateCreated` datetime NOT NULL,
  `dateUpdated` datetime NOT NULL,
  `uid` char(36) COLLATE utf8_unicode_ci NOT NULL DEFAULT '0',
  PRIMARY KEY (`id`),
  UNIQUE KEY `craft_systemsettings_category_unq_idx` (`category`)
) ENGINE=InnoDB AUTO_INCREMENT=2 DEFAULT CHARSET=utf8 COLLATE=utf8_unicode_ci;

--
-- Data for table `craft_systemsettings`
--

INSERT INTO `craft_systemsettings` (`id`, `category`, `settings`, `dateCreated`, `dateUpdated`, `uid`) VALUES
 ('1', 'email', '{\"protocol\":\"php\",\"emailAddress\":\"admin@bong.international\",\"senderName\":\"Superimpose Studio\"}', '2016-04-05 21:11:55', '2016-04-05 21:11:55', '8ecb17bb-e837-41a5-85bd-7d987fac4978');



DROP TABLE IF EXISTS `craft_taggroups`;


--
-- Schema for table `craft_taggroups`
--
CREATE TABLE `craft_taggroups` (
  `id` int(11) NOT NULL AUTO_INCREMENT,
  `name` varchar(255) COLLATE utf8_unicode_ci NOT NULL,
  `handle` varchar(255) COLLATE utf8_unicode_ci NOT NULL,
  `fieldLayoutId` int(10) DEFAULT NULL,
  `dateCreated` datetime NOT NULL,
  `dateUpdated` datetime NOT NULL,
  `uid` char(36) COLLATE utf8_unicode_ci NOT NULL DEFAULT '0',
  PRIMARY KEY (`id`),
  UNIQUE KEY `craft_taggroups_name_unq_idx` (`name`),
  UNIQUE KEY `craft_taggroups_handle_unq_idx` (`handle`),
  KEY `craft_taggroups_fieldLayoutId_fk` (`fieldLayoutId`)
) ENGINE=InnoDB AUTO_INCREMENT=2 DEFAULT CHARSET=utf8 COLLATE=utf8_unicode_ci;

--
-- Data for table `craft_taggroups`
--

INSERT INTO `craft_taggroups` (`id`, `name`, `handle`, `fieldLayoutId`, `dateCreated`, `dateUpdated`, `uid`) VALUES
 ('1', 'Default', 'default', '1', '2016-04-05 21:11:55', '2016-04-05 21:11:55', 'dbbadb65-0dc2-408c-98f3-44ee36bc002c');



DROP TABLE IF EXISTS `craft_tags`;


--
-- Schema for table `craft_tags`
--
CREATE TABLE `craft_tags` (
  `id` int(11) NOT NULL,
  `groupId` int(11) NOT NULL,
  `dateCreated` datetime NOT NULL,
  `dateUpdated` datetime NOT NULL,
  `uid` char(36) COLLATE utf8_unicode_ci NOT NULL DEFAULT '0',
  PRIMARY KEY (`id`),
  KEY `craft_tags_groupId_fk` (`groupId`)
) ENGINE=InnoDB DEFAULT CHARSET=utf8 COLLATE=utf8_unicode_ci;

DROP TABLE IF EXISTS `craft_tasks`;


--
-- Schema for table `craft_tasks`
--
CREATE TABLE `craft_tasks` (
  `id` int(11) NOT NULL AUTO_INCREMENT,
  `root` int(11) unsigned DEFAULT NULL,
  `lft` int(11) unsigned NOT NULL,
  `rgt` int(11) unsigned NOT NULL,
  `level` smallint(6) unsigned NOT NULL,
  `currentStep` int(11) unsigned DEFAULT NULL,
  `totalSteps` int(11) unsigned DEFAULT NULL,
  `status` enum('pending','error','running') COLLATE utf8_unicode_ci DEFAULT NULL,
  `type` varchar(150) COLLATE utf8_unicode_ci NOT NULL,
  `description` varchar(255) COLLATE utf8_unicode_ci DEFAULT NULL,
  `settings` mediumtext COLLATE utf8_unicode_ci,
  `dateCreated` datetime NOT NULL,
  `dateUpdated` datetime NOT NULL,
  `uid` char(36) COLLATE utf8_unicode_ci NOT NULL DEFAULT '0',
  PRIMARY KEY (`id`),
  KEY `craft_tasks_root_idx` (`root`),
  KEY `craft_tasks_lft_idx` (`lft`),
  KEY `craft_tasks_rgt_idx` (`rgt`),
  KEY `craft_tasks_level_idx` (`level`)
) ENGINE=InnoDB AUTO_INCREMENT=6 DEFAULT CHARSET=utf8 COLLATE=utf8_unicode_ci;

DROP TABLE IF EXISTS `craft_templatecachecriteria`;


--
-- Schema for table `craft_templatecachecriteria`
--
CREATE TABLE `craft_templatecachecriteria` (
  `id` int(11) NOT NULL AUTO_INCREMENT,
  `cacheId` int(11) NOT NULL,
  `type` varchar(150) COLLATE utf8_unicode_ci NOT NULL,
  `criteria` text COLLATE utf8_unicode_ci NOT NULL,
  PRIMARY KEY (`id`),
  KEY `craft_templatecachecriteria_cacheId_fk` (`cacheId`),
  KEY `craft_templatecachecriteria_type_idx` (`type`)
) ENGINE=InnoDB DEFAULT CHARSET=utf8 COLLATE=utf8_unicode_ci;

DROP TABLE IF EXISTS `craft_templatecacheelements`;


--
-- Schema for table `craft_templatecacheelements`
--
CREATE TABLE `craft_templatecacheelements` (
  `cacheId` int(11) NOT NULL,
  `elementId` int(11) NOT NULL,
  KEY `craft_templatecacheelements_cacheId_fk` (`cacheId`),
  KEY `craft_templatecacheelements_elementId_fk` (`elementId`)
) ENGINE=InnoDB DEFAULT CHARSET=utf8 COLLATE=utf8_unicode_ci;

DROP TABLE IF EXISTS `craft_templatecaches`;


--
-- Schema for table `craft_templatecaches`
--
CREATE TABLE `craft_templatecaches` (
  `id` int(11) NOT NULL AUTO_INCREMENT,
  `cacheKey` varchar(255) COLLATE utf8_unicode_ci NOT NULL,
  `locale` char(12) COLLATE utf8_unicode_ci NOT NULL,
  `path` varchar(255) COLLATE utf8_unicode_ci DEFAULT NULL,
  `expiryDate` datetime NOT NULL,
  `body` mediumtext COLLATE utf8_unicode_ci NOT NULL,
  PRIMARY KEY (`id`),
  KEY `craft_templatecaches_expiryDate_cacheKey_locale_path_idx` (`expiryDate`,`cacheKey`,`locale`,`path`),
  KEY `craft_templatecaches_locale_fk` (`locale`)
) ENGINE=InnoDB DEFAULT CHARSET=utf8 COLLATE=utf8_unicode_ci;

DROP TABLE IF EXISTS `craft_tokens`;


--
-- Schema for table `craft_tokens`
--
CREATE TABLE `craft_tokens` (
  `id` int(11) NOT NULL AUTO_INCREMENT,
  `token` char(32) COLLATE utf8_unicode_ci NOT NULL,
  `route` text COLLATE utf8_unicode_ci,
  `usageLimit` tinyint(3) unsigned DEFAULT NULL,
  `usageCount` tinyint(3) unsigned DEFAULT NULL,
  `expiryDate` datetime NOT NULL,
  `dateCreated` datetime NOT NULL,
  `dateUpdated` datetime NOT NULL,
  `uid` char(36) COLLATE utf8_unicode_ci NOT NULL DEFAULT '0',
  PRIMARY KEY (`id`),
  UNIQUE KEY `craft_tokens_token_unq_idx` (`token`),
  KEY `craft_tokens_expiryDate_idx` (`expiryDate`)
) ENGINE=InnoDB DEFAULT CHARSET=utf8 COLLATE=utf8_unicode_ci;

DROP TABLE IF EXISTS `craft_usergroups`;


--
-- Schema for table `craft_usergroups`
--
CREATE TABLE `craft_usergroups` (
  `id` int(11) NOT NULL AUTO_INCREMENT,
  `name` varchar(255) COLLATE utf8_unicode_ci NOT NULL,
  `handle` varchar(255) COLLATE utf8_unicode_ci NOT NULL,
  `dateCreated` datetime NOT NULL,
  `dateUpdated` datetime NOT NULL,
  `uid` char(36) COLLATE utf8_unicode_ci NOT NULL DEFAULT '0',
  PRIMARY KEY (`id`)
) ENGINE=InnoDB DEFAULT CHARSET=utf8 COLLATE=utf8_unicode_ci;

DROP TABLE IF EXISTS `craft_usergroups_users`;


--
-- Schema for table `craft_usergroups_users`
--
CREATE TABLE `craft_usergroups_users` (
  `id` int(11) NOT NULL AUTO_INCREMENT,
  `groupId` int(11) NOT NULL,
  `userId` int(11) NOT NULL,
  `dateCreated` datetime NOT NULL,
  `dateUpdated` datetime NOT NULL,
  `uid` char(36) COLLATE utf8_unicode_ci NOT NULL DEFAULT '0',
  PRIMARY KEY (`id`),
  UNIQUE KEY `craft_usergroups_users_groupId_userId_unq_idx` (`groupId`,`userId`),
  KEY `craft_usergroups_users_userId_fk` (`userId`)
) ENGINE=InnoDB DEFAULT CHARSET=utf8 COLLATE=utf8_unicode_ci;

DROP TABLE IF EXISTS `craft_userpermissions`;


--
-- Schema for table `craft_userpermissions`
--
CREATE TABLE `craft_userpermissions` (
  `id` int(11) NOT NULL AUTO_INCREMENT,
  `name` varchar(255) COLLATE utf8_unicode_ci NOT NULL,
  `dateCreated` datetime NOT NULL,
  `dateUpdated` datetime NOT NULL,
  `uid` char(36) COLLATE utf8_unicode_ci NOT NULL DEFAULT '0',
  PRIMARY KEY (`id`),
  UNIQUE KEY `craft_userpermissions_name_unq_idx` (`name`)
) ENGINE=InnoDB DEFAULT CHARSET=utf8 COLLATE=utf8_unicode_ci;

DROP TABLE IF EXISTS `craft_userpermissions_usergroups`;


--
-- Schema for table `craft_userpermissions_usergroups`
--
CREATE TABLE `craft_userpermissions_usergroups` (
  `id` int(11) NOT NULL AUTO_INCREMENT,
  `permissionId` int(11) NOT NULL,
  `groupId` int(11) NOT NULL,
  `dateCreated` datetime NOT NULL,
  `dateUpdated` datetime NOT NULL,
  `uid` char(36) COLLATE utf8_unicode_ci NOT NULL DEFAULT '0',
  PRIMARY KEY (`id`),
  UNIQUE KEY `craft_userpermissions_usergroups_permissionId_groupId_unq_idx` (`permissionId`,`groupId`),
  KEY `craft_userpermissions_usergroups_groupId_fk` (`groupId`)
) ENGINE=InnoDB DEFAULT CHARSET=utf8 COLLATE=utf8_unicode_ci;

DROP TABLE IF EXISTS `craft_userpermissions_users`;


--
-- Schema for table `craft_userpermissions_users`
--
CREATE TABLE `craft_userpermissions_users` (
  `id` int(11) NOT NULL AUTO_INCREMENT,
  `permissionId` int(11) NOT NULL,
  `userId` int(11) NOT NULL,
  `dateCreated` datetime NOT NULL,
  `dateUpdated` datetime NOT NULL,
  `uid` char(36) COLLATE utf8_unicode_ci NOT NULL DEFAULT '0',
  PRIMARY KEY (`id`),
  UNIQUE KEY `craft_userpermissions_users_permissionId_userId_unq_idx` (`permissionId`,`userId`),
  KEY `craft_userpermissions_users_userId_fk` (`userId`)
) ENGINE=InnoDB DEFAULT CHARSET=utf8 COLLATE=utf8_unicode_ci;

DROP TABLE IF EXISTS `craft_users`;


--
-- Schema for table `craft_users`
--
CREATE TABLE `craft_users` (
  `id` int(11) NOT NULL,
  `username` varchar(100) COLLATE utf8_unicode_ci NOT NULL,
  `photo` varchar(100) COLLATE utf8_unicode_ci DEFAULT NULL,
  `firstName` varchar(100) COLLATE utf8_unicode_ci DEFAULT NULL,
  `lastName` varchar(100) COLLATE utf8_unicode_ci DEFAULT NULL,
  `email` varchar(255) COLLATE utf8_unicode_ci NOT NULL,
  `password` char(255) COLLATE utf8_unicode_ci DEFAULT NULL,
  `preferredLocale` char(12) COLLATE utf8_unicode_ci DEFAULT NULL,
  `weekStartDay` tinyint(1) unsigned NOT NULL DEFAULT '0',
  `admin` tinyint(1) unsigned NOT NULL DEFAULT '0',
  `client` tinyint(1) unsigned NOT NULL DEFAULT '0',
  `locked` tinyint(1) unsigned NOT NULL DEFAULT '0',
  `suspended` tinyint(1) unsigned NOT NULL DEFAULT '0',
  `pending` tinyint(1) unsigned NOT NULL DEFAULT '0',
  `archived` tinyint(1) unsigned NOT NULL DEFAULT '0',
  `lastLoginDate` datetime DEFAULT NULL,
  `lastLoginAttemptIPAddress` varchar(45) COLLATE utf8_unicode_ci DEFAULT NULL,
  `invalidLoginWindowStart` datetime DEFAULT NULL,
  `invalidLoginCount` tinyint(4) unsigned DEFAULT NULL,
  `lastInvalidLoginDate` datetime DEFAULT NULL,
  `lockoutDate` datetime DEFAULT NULL,
  `verificationCode` char(100) COLLATE utf8_unicode_ci DEFAULT NULL,
  `verificationCodeIssuedDate` datetime DEFAULT NULL,
  `unverifiedEmail` varchar(255) COLLATE utf8_unicode_ci DEFAULT NULL,
  `passwordResetRequired` tinyint(1) unsigned NOT NULL DEFAULT '0',
  `lastPasswordChangeDate` datetime DEFAULT NULL,
  `dateCreated` datetime NOT NULL,
  `dateUpdated` datetime NOT NULL,
  `uid` char(36) COLLATE utf8_unicode_ci NOT NULL DEFAULT '0',
  PRIMARY KEY (`id`),
  UNIQUE KEY `craft_users_username_unq_idx` (`username`),
  UNIQUE KEY `craft_users_email_unq_idx` (`email`),
  KEY `craft_users_verificationCode_idx` (`verificationCode`),
  KEY `craft_users_uid_idx` (`uid`),
  KEY `craft_users_preferredLocale_fk` (`preferredLocale`)
) ENGINE=InnoDB DEFAULT CHARSET=utf8 COLLATE=utf8_unicode_ci;

--
-- Data for table `craft_users`
--

INSERT INTO `craft_users` (`id`, `username`, `photo`, `firstName`, `lastName`, `email`, `password`, `preferredLocale`, `weekStartDay`, `admin`, `client`, `locked`, `suspended`, `pending`, `archived`, `lastLoginDate`, `lastLoginAttemptIPAddress`, `invalidLoginWindowStart`, `invalidLoginCount`, `lastInvalidLoginDate`, `lockoutDate`, `verificationCode`, `verificationCodeIssuedDate`, `unverifiedEmail`, `passwordResetRequired`, `lastPasswordChangeDate`, `dateCreated`, `dateUpdated`, `uid`) VALUES
 ('1', 'admin', NULL, NULL, NULL, 'admin@bong.international', '$2y$13$TqsIleBOvWSaD6v/6Qa3PuoWPDflyiJRFOm9ez517UJ77uB3WPFhu', NULL, '0', '1', '0', '0', '0', '0', '0', '2016-07-12 10:13:27', '86.83.29.49', NULL, NULL, '2016-07-06 15:41:28', NULL, NULL, NULL, NULL, '0', '2016-04-05 21:11:55', '2016-04-05 21:11:55', '2016-07-12 10:13:27', '5cce9c0f-547a-4fc1-80e4-c265582e767c');



DROP TABLE IF EXISTS `craft_widgets`;


--
-- Schema for table `craft_widgets`
--
CREATE TABLE `craft_widgets` (
  `id` int(11) NOT NULL AUTO_INCREMENT,
  `userId` int(11) NOT NULL,
  `type` varchar(150) COLLATE utf8_unicode_ci NOT NULL,
  `sortOrder` smallint(6) unsigned DEFAULT NULL,
  `colspan` tinyint(4) unsigned DEFAULT NULL,
  `settings` text COLLATE utf8_unicode_ci,
  `enabled` tinyint(1) unsigned NOT NULL DEFAULT '1',
  `dateCreated` datetime NOT NULL,
  `dateUpdated` datetime NOT NULL,
  `uid` char(36) COLLATE utf8_unicode_ci NOT NULL DEFAULT '0',
  PRIMARY KEY (`id`),
  KEY `craft_widgets_userId_fk` (`userId`)
) ENGINE=InnoDB AUTO_INCREMENT=5 DEFAULT CHARSET=utf8 COLLATE=utf8_unicode_ci;

--
-- Data for table `craft_widgets`
--

INSERT INTO `craft_widgets` (`id`, `userId`, `type`, `sortOrder`, `colspan`, `settings`, `enabled`, `dateCreated`, `dateUpdated`, `uid`) VALUES
 ('1', '1', 'RecentEntries', '1', '3', NULL, '1', '2016-04-05 21:12:43', '2016-04-22 13:16:27', '83c4f5a1-e8d6-4bb4-844c-2ad4ebdc4293'),
 ('2', '1', 'GetHelp', '2', NULL, NULL, '0', '2016-04-05 21:12:43', '2016-04-22 13:16:11', 'd12b6cc3-f36a-4bde-9b6a-3b2178462d4a'),
 ('3', '1', 'Updates', '3', NULL, NULL, '0', '2016-04-05 21:12:43', '2016-04-22 13:16:17', '20a13777-977a-47f5-a904-dab53004b69a'),
 ('4', '1', 'Feed', '4', NULL, '{\"url\":\"https:\\/\\/craftcms.com\\/news.rss\",\"title\":\"Craft News\"}', '0', '2016-04-05 21:12:43', '2016-04-22 13:16:22', 'b57e155c-9417-4d6a-9d6b-61c764d70ecc');


--
-- Constraints for tables
--


--
-- Constraints for table `craft_assetfiles`
--
ALTER TABLE `craft_assetfiles`
	ADD CONSTRAINT `craft_assetfiles_folderId_fk` FOREIGN KEY (`folderId`) REFERENCES `craft_assetfolders` (`id`) ON DELETE CASCADE,
	ADD CONSTRAINT `craft_assetfiles_id_fk` FOREIGN KEY (`id`) REFERENCES `craft_elements` (`id`) ON DELETE CASCADE,
	ADD CONSTRAINT `craft_assetfiles_sourceId_fk` FOREIGN KEY (`sourceId`) REFERENCES `craft_assetsources` (`id`) ON DELETE CASCADE;

--
-- Constraints for table `craft_assetfolders`
--
ALTER TABLE `craft_assetfolders`
	ADD CONSTRAINT `craft_assetfolders_parentId_fk` FOREIGN KEY (`parentId`) REFERENCES `craft_assetfolders` (`id`) ON DELETE CASCADE,
	ADD CONSTRAINT `craft_assetfolders_sourceId_fk` FOREIGN KEY (`sourceId`) REFERENCES `craft_assetsources` (`id`) ON DELETE CASCADE;

--
-- Constraints for table `craft_assetindexdata`
--
ALTER TABLE `craft_assetindexdata`
	ADD CONSTRAINT `craft_assetindexdata_sourceId_fk` FOREIGN KEY (`sourceId`) REFERENCES `craft_assetsources` (`id`) ON DELETE CASCADE;

--
-- Constraints for table `craft_assetsources`
--
ALTER TABLE `craft_assetsources`
	ADD CONSTRAINT `craft_assetsources_fieldLayoutId_fk` FOREIGN KEY (`fieldLayoutId`) REFERENCES `craft_fieldlayouts` (`id`) ON DELETE SET NULL;

--
-- Constraints for table `craft_categories`
--
ALTER TABLE `craft_categories`
	ADD CONSTRAINT `craft_categories_groupId_fk` FOREIGN KEY (`groupId`) REFERENCES `craft_categorygroups` (`id`) ON DELETE CASCADE,
	ADD CONSTRAINT `craft_categories_id_fk` FOREIGN KEY (`id`) REFERENCES `craft_elements` (`id`) ON DELETE CASCADE;

--
-- Constraints for table `craft_categorygroups`
--
ALTER TABLE `craft_categorygroups`
	ADD CONSTRAINT `craft_categorygroups_fieldLayoutId_fk` FOREIGN KEY (`fieldLayoutId`) REFERENCES `craft_fieldlayouts` (`id`) ON DELETE SET NULL,
	ADD CONSTRAINT `craft_categorygroups_structureId_fk` FOREIGN KEY (`structureId`) REFERENCES `craft_structures` (`id`) ON DELETE CASCADE;

--
-- Constraints for table `craft_categorygroups_i18n`
--
ALTER TABLE `craft_categorygroups_i18n`
	ADD CONSTRAINT `craft_categorygroups_i18n_groupId_fk` FOREIGN KEY (`groupId`) REFERENCES `craft_categorygroups` (`id`) ON DELETE CASCADE,
	ADD CONSTRAINT `craft_categorygroups_i18n_locale_fk` FOREIGN KEY (`locale`) REFERENCES `craft_locales` (`locale`) ON DELETE CASCADE ON UPDATE CASCADE;

--
-- Constraints for table `craft_content`
--
ALTER TABLE `craft_content`
	ADD CONSTRAINT `craft_content_elementId_fk` FOREIGN KEY (`elementId`) REFERENCES `craft_elements` (`id`) ON DELETE CASCADE,
	ADD CONSTRAINT `craft_content_locale_fk` FOREIGN KEY (`locale`) REFERENCES `craft_locales` (`locale`) ON DELETE CASCADE ON UPDATE CASCADE;

--
-- Constraints for table `craft_elements_i18n`
--
ALTER TABLE `craft_elements_i18n`
	ADD CONSTRAINT `craft_elements_i18n_elementId_fk` FOREIGN KEY (`elementId`) REFERENCES `craft_elements` (`id`) ON DELETE CASCADE,
	ADD CONSTRAINT `craft_elements_i18n_locale_fk` FOREIGN KEY (`locale`) REFERENCES `craft_locales` (`locale`) ON DELETE CASCADE ON UPDATE CASCADE;

--
-- Constraints for table `craft_emailmessages`
--
ALTER TABLE `craft_emailmessages`
	ADD CONSTRAINT `craft_emailmessages_locale_fk` FOREIGN KEY (`locale`) REFERENCES `craft_locales` (`locale`) ON DELETE CASCADE ON UPDATE CASCADE;

--
-- Constraints for table `craft_entries`
--
ALTER TABLE `craft_entries`
	ADD CONSTRAINT `craft_entries_authorId_fk` FOREIGN KEY (`authorId`) REFERENCES `craft_users` (`id`) ON DELETE CASCADE,
	ADD CONSTRAINT `craft_entries_id_fk` FOREIGN KEY (`id`) REFERENCES `craft_elements` (`id`) ON DELETE CASCADE,
	ADD CONSTRAINT `craft_entries_sectionId_fk` FOREIGN KEY (`sectionId`) REFERENCES `craft_sections` (`id`) ON DELETE CASCADE,
	ADD CONSTRAINT `craft_entries_typeId_fk` FOREIGN KEY (`typeId`) REFERENCES `craft_entrytypes` (`id`) ON DELETE CASCADE;

--
-- Constraints for table `craft_entrydrafts`
--
ALTER TABLE `craft_entrydrafts`
	ADD CONSTRAINT `craft_entrydrafts_creatorId_fk` FOREIGN KEY (`creatorId`) REFERENCES `craft_users` (`id`) ON DELETE CASCADE,
	ADD CONSTRAINT `craft_entrydrafts_entryId_fk` FOREIGN KEY (`entryId`) REFERENCES `craft_entries` (`id`) ON DELETE CASCADE,
	ADD CONSTRAINT `craft_entrydrafts_locale_fk` FOREIGN KEY (`locale`) REFERENCES `craft_locales` (`locale`) ON DELETE CASCADE ON UPDATE CASCADE,
	ADD CONSTRAINT `craft_entrydrafts_sectionId_fk` FOREIGN KEY (`sectionId`) REFERENCES `craft_sections` (`id`) ON DELETE CASCADE;

--
-- Constraints for table `craft_entrytypes`
--
ALTER TABLE `craft_entrytypes`
	ADD CONSTRAINT `craft_entrytypes_fieldLayoutId_fk` FOREIGN KEY (`fieldLayoutId`) REFERENCES `craft_fieldlayouts` (`id`) ON DELETE SET NULL,
	ADD CONSTRAINT `craft_entrytypes_sectionId_fk` FOREIGN KEY (`sectionId`) REFERENCES `craft_sections` (`id`) ON DELETE CASCADE;

--
-- Constraints for table `craft_entryversions`
--
ALTER TABLE `craft_entryversions`
	ADD CONSTRAINT `craft_entryversions_creatorId_fk` FOREIGN KEY (`creatorId`) REFERENCES `craft_users` (`id`) ON DELETE SET NULL,
	ADD CONSTRAINT `craft_entryversions_entryId_fk` FOREIGN KEY (`entryId`) REFERENCES `craft_entries` (`id`) ON DELETE CASCADE,
	ADD CONSTRAINT `craft_entryversions_locale_fk` FOREIGN KEY (`locale`) REFERENCES `craft_locales` (`locale`) ON DELETE CASCADE ON UPDATE CASCADE,
	ADD CONSTRAINT `craft_entryversions_sectionId_fk` FOREIGN KEY (`sectionId`) REFERENCES `craft_sections` (`id`) ON DELETE CASCADE;

--
-- Constraints for table `craft_fieldlayoutfields`
--
ALTER TABLE `craft_fieldlayoutfields`
	ADD CONSTRAINT `craft_fieldlayoutfields_fieldId_fk` FOREIGN KEY (`fieldId`) REFERENCES `craft_fields` (`id`) ON DELETE CASCADE,
	ADD CONSTRAINT `craft_fieldlayoutfields_layoutId_fk` FOREIGN KEY (`layoutId`) REFERENCES `craft_fieldlayouts` (`id`) ON DELETE CASCADE,
	ADD CONSTRAINT `craft_fieldlayoutfields_tabId_fk` FOREIGN KEY (`tabId`) REFERENCES `craft_fieldlayouttabs` (`id`) ON DELETE CASCADE;

--
-- Constraints for table `craft_fieldlayouttabs`
--
ALTER TABLE `craft_fieldlayouttabs`
	ADD CONSTRAINT `craft_fieldlayouttabs_layoutId_fk` FOREIGN KEY (`layoutId`) REFERENCES `craft_fieldlayouts` (`id`) ON DELETE CASCADE;

--
-- Constraints for table `craft_fields`
--
ALTER TABLE `craft_fields`
	ADD CONSTRAINT `craft_fields_groupId_fk` FOREIGN KEY (`groupId`) REFERENCES `craft_fieldgroups` (`id`) ON DELETE CASCADE;

--
-- Constraints for table `craft_globalsets`
--
ALTER TABLE `craft_globalsets`
	ADD CONSTRAINT `craft_globalsets_fieldLayoutId_fk` FOREIGN KEY (`fieldLayoutId`) REFERENCES `craft_fieldlayouts` (`id`) ON DELETE SET NULL,
	ADD CONSTRAINT `craft_globalsets_id_fk` FOREIGN KEY (`id`) REFERENCES `craft_elements` (`id`) ON DELETE CASCADE;

--
-- Constraints for table `craft_matrixblocks`
--
ALTER TABLE `craft_matrixblocks`
	ADD CONSTRAINT `craft_matrixblocks_fieldId_fk` FOREIGN KEY (`fieldId`) REFERENCES `craft_fields` (`id`) ON DELETE CASCADE,
	ADD CONSTRAINT `craft_matrixblocks_id_fk` FOREIGN KEY (`id`) REFERENCES `craft_elements` (`id`) ON DELETE CASCADE,
	ADD CONSTRAINT `craft_matrixblocks_ownerId_fk` FOREIGN KEY (`ownerId`) REFERENCES `craft_elements` (`id`) ON DELETE CASCADE,
	ADD CONSTRAINT `craft_matrixblocks_ownerLocale_fk` FOREIGN KEY (`ownerLocale`) REFERENCES `craft_locales` (`locale`) ON DELETE CASCADE ON UPDATE CASCADE,
	ADD CONSTRAINT `craft_matrixblocks_typeId_fk` FOREIGN KEY (`typeId`) REFERENCES `craft_matrixblocktypes` (`id`) ON DELETE CASCADE;

--
-- Constraints for table `craft_matrixblocktypes`
--
ALTER TABLE `craft_matrixblocktypes`
	ADD CONSTRAINT `craft_matrixblocktypes_fieldId_fk` FOREIGN KEY (`fieldId`) REFERENCES `craft_fields` (`id`) ON DELETE CASCADE,
	ADD CONSTRAINT `craft_matrixblocktypes_fieldLayoutId_fk` FOREIGN KEY (`fieldLayoutId`) REFERENCES `craft_fieldlayouts` (`id`) ON DELETE SET NULL;

--
-- Constraints for table `craft_matrixcontent_contentblocks`
--
ALTER TABLE `craft_matrixcontent_contentblocks`
	ADD CONSTRAINT `craft_matrixcontent_contentblocks_elementId_fk` FOREIGN KEY (`elementId`) REFERENCES `craft_elements` (`id`) ON DELETE CASCADE,
	ADD CONSTRAINT `craft_matrixcontent_contentblocks_locale_fk` FOREIGN KEY (`locale`) REFERENCES `craft_locales` (`locale`) ON DELETE CASCADE ON UPDATE CASCADE;

--
-- Constraints for table `craft_migrations`
--
ALTER TABLE `craft_migrations`
	ADD CONSTRAINT `craft_migrations_pluginId_fk` FOREIGN KEY (`pluginId`) REFERENCES `craft_plugins` (`id`) ON DELETE CASCADE;

--
-- Constraints for table `craft_relations`
--
ALTER TABLE `craft_relations`
	ADD CONSTRAINT `craft_relations_fieldId_fk` FOREIGN KEY (`fieldId`) REFERENCES `craft_fields` (`id`) ON DELETE CASCADE,
	ADD CONSTRAINT `craft_relations_sourceId_fk` FOREIGN KEY (`sourceId`) REFERENCES `craft_elements` (`id`) ON DELETE CASCADE,
	ADD CONSTRAINT `craft_relations_sourceLocale_fk` FOREIGN KEY (`sourceLocale`) REFERENCES `craft_locales` (`locale`) ON DELETE CASCADE ON UPDATE CASCADE,
	ADD CONSTRAINT `craft_relations_targetId_fk` FOREIGN KEY (`targetId`) REFERENCES `craft_elements` (`id`) ON DELETE CASCADE;

--
-- Constraints for table `craft_routes`
--
ALTER TABLE `craft_routes`
	ADD CONSTRAINT `craft_routes_locale_fk` FOREIGN KEY (`locale`) REFERENCES `craft_locales` (`locale`) ON DELETE CASCADE ON UPDATE CASCADE;

--
-- Constraints for table `craft_sections`
--
ALTER TABLE `craft_sections`
	ADD CONSTRAINT `craft_sections_structureId_fk` FOREIGN KEY (`structureId`) REFERENCES `craft_structures` (`id`) ON DELETE SET NULL;

--
-- Constraints for table `craft_sections_i18n`
--
ALTER TABLE `craft_sections_i18n`
	ADD CONSTRAINT `craft_sections_i18n_locale_fk` FOREIGN KEY (`locale`) REFERENCES `craft_locales` (`locale`) ON DELETE CASCADE ON UPDATE CASCADE,
	ADD CONSTRAINT `craft_sections_i18n_sectionId_fk` FOREIGN KEY (`sectionId`) REFERENCES `craft_sections` (`id`) ON DELETE CASCADE;

--
-- Constraints for table `craft_sessions`
--
ALTER TABLE `craft_sessions`
	ADD CONSTRAINT `craft_sessions_userId_fk` FOREIGN KEY (`userId`) REFERENCES `craft_users` (`id`) ON DELETE CASCADE;

--
-- Constraints for table `craft_shunnedmessages`
--
ALTER TABLE `craft_shunnedmessages`
	ADD CONSTRAINT `craft_shunnedmessages_userId_fk` FOREIGN KEY (`userId`) REFERENCES `craft_users` (`id`) ON DELETE CASCADE;

--
-- Constraints for table `craft_structureelements`
--
ALTER TABLE `craft_structureelements`
	ADD CONSTRAINT `craft_structureelements_elementId_fk` FOREIGN KEY (`elementId`) REFERENCES `craft_elements` (`id`) ON DELETE CASCADE,
	ADD CONSTRAINT `craft_structureelements_structureId_fk` FOREIGN KEY (`structureId`) REFERENCES `craft_structures` (`id`) ON DELETE CASCADE;

--
-- Constraints for table `craft_taggroups`
--
ALTER TABLE `craft_taggroups`
	ADD CONSTRAINT `craft_taggroups_fieldLayoutId_fk` FOREIGN KEY (`fieldLayoutId`) REFERENCES `craft_fieldlayouts` (`id`) ON DELETE SET NULL;

--
-- Constraints for table `craft_tags`
--
ALTER TABLE `craft_tags`
	ADD CONSTRAINT `craft_tags_groupId_fk` FOREIGN KEY (`groupId`) REFERENCES `craft_taggroups` (`id`) ON DELETE CASCADE,
	ADD CONSTRAINT `craft_tags_id_fk` FOREIGN KEY (`id`) REFERENCES `craft_elements` (`id`) ON DELETE CASCADE;

--
-- Constraints for table `craft_templatecachecriteria`
--
ALTER TABLE `craft_templatecachecriteria`
	ADD CONSTRAINT `craft_templatecachecriteria_cacheId_fk` FOREIGN KEY (`cacheId`) REFERENCES `craft_templatecaches` (`id`) ON DELETE CASCADE;

--
-- Constraints for table `craft_templatecacheelements`
--
ALTER TABLE `craft_templatecacheelements`
	ADD CONSTRAINT `craft_templatecacheelements_cacheId_fk` FOREIGN KEY (`cacheId`) REFERENCES `craft_templatecaches` (`id`) ON DELETE CASCADE,
	ADD CONSTRAINT `craft_templatecacheelements_elementId_fk` FOREIGN KEY (`elementId`) REFERENCES `craft_elements` (`id`) ON DELETE CASCADE;

--
-- Constraints for table `craft_templatecaches`
--
ALTER TABLE `craft_templatecaches`
	ADD CONSTRAINT `craft_templatecaches_locale_fk` FOREIGN KEY (`locale`) REFERENCES `craft_locales` (`locale`) ON DELETE CASCADE ON UPDATE CASCADE;

--
-- Constraints for table `craft_usergroups_users`
--
ALTER TABLE `craft_usergroups_users`
	ADD CONSTRAINT `craft_usergroups_users_groupId_fk` FOREIGN KEY (`groupId`) REFERENCES `craft_usergroups` (`id`) ON DELETE CASCADE,
	ADD CONSTRAINT `craft_usergroups_users_userId_fk` FOREIGN KEY (`userId`) REFERENCES `craft_users` (`id`) ON DELETE CASCADE;

--
-- Constraints for table `craft_userpermissions_usergroups`
--
ALTER TABLE `craft_userpermissions_usergroups`
	ADD CONSTRAINT `craft_userpermissions_usergroups_groupId_fk` FOREIGN KEY (`groupId`) REFERENCES `craft_usergroups` (`id`) ON DELETE CASCADE,
	ADD CONSTRAINT `craft_userpermissions_usergroups_permissionId_fk` FOREIGN KEY (`permissionId`) REFERENCES `craft_userpermissions` (`id`) ON DELETE CASCADE;

--
-- Constraints for table `craft_userpermissions_users`
--
ALTER TABLE `craft_userpermissions_users`
	ADD CONSTRAINT `craft_userpermissions_users_permissionId_fk` FOREIGN KEY (`permissionId`) REFERENCES `craft_userpermissions` (`id`) ON DELETE CASCADE,
	ADD CONSTRAINT `craft_userpermissions_users_userId_fk` FOREIGN KEY (`userId`) REFERENCES `craft_users` (`id`) ON DELETE CASCADE;

--
-- Constraints for table `craft_users`
--
ALTER TABLE `craft_users`
	ADD CONSTRAINT `craft_users_id_fk` FOREIGN KEY (`id`) REFERENCES `craft_elements` (`id`) ON DELETE CASCADE,
	ADD CONSTRAINT `craft_users_preferredLocale_fk` FOREIGN KEY (`preferredLocale`) REFERENCES `craft_locales` (`locale`) ON DELETE SET NULL ON UPDATE CASCADE;

--
-- Constraints for table `craft_widgets`
--
ALTER TABLE `craft_widgets`
	ADD CONSTRAINT `craft_widgets_userId_fk` FOREIGN KEY (`userId`) REFERENCES `craft_users` (`id`) ON DELETE CASCADE;

SET FOREIGN_KEY_CHECKS = 1;
